study_id,pathogen_id,associated_reservoir_id,associated_vector_id,year,month,season,pathogen_tested,population_tested,sample_size,num_pos_pcr,num_pos_ser,num_pos_other,test_other,country,location_name,topography,ecoregion,gps_latitude,gps_longitude,comment
2,1,,,1978,october,dry,yellow_fever,human,,,57,,,gambia,bansang,flood_plain,west_sudanian_savanna,13.43470831,-14.65706571,
6,2,,,1970,all_months,both,anthrax,human,5431,,8,,,gambia,brefet,mangrove,guinean_mangroves,13.24379833,-16.35622723,
6,3,,,1971,all_months,both,anthrax,human,5431,,2,,,gambia,brefet,mangrove,guinean_mangroves,13.24379833,-16.35622723,
6,4,,,1972,all_months,both,anthrax,human,5431,,2,,,gambia,brefet,mangrove,guinean_mangroves,13.24379833,-16.35622723,
6,5,,,1973,all_months,both,anthrax,human,5431,,1,,,gambia,brefet,mangrove,guinean_mangroves,13.24379833,-16.35622723,
6,6,,,1970,all_months,both,anthrax,human,8329,,49,,,gambia,bintang,mangrove,guinean_mangroves,13.2492391,-16.21331088,
6,7,,,1971,all_months,both,anthrax,human,8329,,22,,,gambia,bintang,mangrove,guinean_mangroves,13.2492391,-16.21331088,
6,8,,,1972,all_months,both,anthrax,human,8329,,51,,,gambia,bintang,mangrove,guinean_mangroves,13.2492391,-16.21331088,
6,9,,,1973,all_months,both,anthrax,human,8329,,27,,,gambia,bintang,mangrove,guinean_mangroves,13.2492391,-16.21331088,
6,10,,,1970,all_months,both,anthrax,human,7019,,70,,,gambia,kansala,mangrove,guinean_mangroves,13.2511223,-16.09169974,
6,11,,,1971,all_months,both,anthrax,human,7019,,20,,,gambia,kansala,mangrove,guinean_mangroves,13.2511223,-16.09169974,
6,12,,,1972,all_months,both,anthrax,human,7019,,27,,,gambia,kansala,mangrove,guinean_mangroves,13.2511223,-16.09169974,
6,13,,,1973,all_months,both,anthrax,human,7019,,30,,,gambia,kansala,mangrove,guinean_mangroves,13.2511223,-16.09169974,
6,14,,,1970,all_months,both,anthrax,human,3500,,5,,,gambia,bondai,mangrove,guinean_mangroves,13.24393612,-15.88854252,
6,15,,,1971,all_months,both,anthrax,human,3500,,7,,,gambia,bondai,mangrove,guinean_mangroves,13.24393612,-15.88854252,
6,16,,,1972,all_months,both,anthrax,human,3500,,13,,,gambia,bondai,mangrove,guinean_mangroves,13.24393612,-15.88854252,
6,17,,,1973,all_months,both,anthrax,human,3500,,6,,,gambia,bondai,mangrove,guinean_mangroves,13.24393612,-15.88854252,
6,18,,,1970,all_months,both,anthrax,human,4238,,15,,,gambia,jarrol,mangrove,guinean_mangroves,13.2418977,-15.84631982,
6,19,,,1971,all_months,both,anthrax,human,4238,,9,,,gambia,jarrol,mangrove,guinean_mangroves,13.2418977,-15.84631982,
6,20,,,1972,all_months,both,anthrax,human,4238,,21,,,gambia,jarrol,mangrove,guinean_mangroves,13.2418977,-15.84631982,
6,21,,,1973,all_months,both,anthrax,human,4238,,8,,,gambia,jarrol,mangrove,guinean_mangroves,13.2418977,-15.84631982,
10,22,,,1988,august,rainy,rift_valley_fever,animal,39,,28,,,senegal,dagana,desert,sahelian_acacia_savanna,16.51216619,-15.50723996,
10,23,,,1988,august,rainy,rift_valley_fever,animal,172,,37,,,senegal,podor,desert,sahelian_acacia_savanna,16.66072234,-14.95859529,
10,24,,,1988,august,rainy,rift_valley_fever,animal,92,,9,,,senegal,matam,desert,sahelian_acacia_savanna,15.66024943,-13.25788065,
10,25,1 and 4,,1989,august,rainy,rift_valley_fever,animal,159,,38,,,senegal,dagana,desert,sahelian_acacia_savanna,16.51056251,-15.50296059,
10,26,2 and 5,,1989,august,rainy,rift_valley_fever,animal,115,,18,,,senegal,podor,desert,sahelian_acacia_savanna,16.66072234,-14.95859529,
10,27,3 and 6,,1989,august,rainy,rift_valley_fever,animal,57,,8,,,senegal,matam,desert,sahelian_acacia_savanna,15.66024943,-13.25788065,
12,28,,1,2015,july_to_december,both,yellow_fever,vector,106,4,,,,senegal,kedougou,highlands,west_sudanian_savanna,12.56142659,-12.17128667,
12,29,,2,2015,july_to_december,both,yellow_fever,vector,2823,8,,,,senegal,kedougou,highlands,west_sudanian_savanna,12.56142659,-12.17128667,
12,30,,3,2015,july_to_december,both,yellow_fever,vector,1107,7,,,,senegal,kedougou,highlands,west_sudanian_savanna,12.56142659,-12.17128667,
12,31,,4,2015,july_to_december,both,yellow_fever,vector,130,1,,,,senegal,kedougou,highlands,west_sudanian_savanna,12.56142659,-12.17128667,
12,32,,5,2015,july_to_december,both,yellow_fever,vector,2034,4,,,,senegal,kedougou,highlands,west_sudanian_savanna,12.56142659,-12.17128667,
13,33,,,2010,july,rainy,yellow_fever,human,,2,,,,senegal,kedougou,highlands,west_sudanian_savanna,12.56142659,-12.17128667,
13,34,,,2010,october,rainy,yellow_fever,human,,1,,,,senegal,kedougou,highlands,west_sudanian_savanna,12.56142659,-12.17128667,
13,35,,,2010,december,dry,yellow_fever,human,,3,,,,senegal,kedougou,highlands,west_sudanian_savanna,12.56142659,-12.17128667,
13,36,,,2011,july,rainy,yellow_fever,human,,1,,,,senegal,kedougou,highlands,west_sudanian_savanna,12.56142659,-12.17128667,
13,37,,,2011,august,rainy,yellow_fever,human,,1,,,,senegal,kedougou,highlands,west_sudanian_savanna,12.56142659,-12.17128667,
13,38,,,2011,september,rainy,yellow_fever,human,,2,,,,senegal,kedougou,highlands,west_sudanian_savanna,12.56142659,-12.17128667,
13,39,,,2011,october,rainy,yellow_fever,human,,1,,,,senegal,kedougou,highlands,west_sudanian_savanna,12.56142659,-12.17128667,
13,40,,,2011,november,dry,yellow_fever,human,,1,,,,senegal,kedougou,highlands,west_sudanian_savanna,12.56142659,-12.17128667,
13,41,,,2012,october,rainy,rift_valley_fever,human,,1,,,,senegal,kedougou,highlands,west_sudanian_savanna,12.56142659,-12.17128667,
17,42,,,2021,february,dry,crimean_congo_haemorrhagic_fever,human,364,,38,,,senegal,agnam_civol,desert,sahelian_acacia_savanna,16.00817546,-13.68320371,
17,43,7,,2021,february,dry,crimean_congo_haemorrhagic_fever,animal,34,,13,,,senegal,agnam_civol,desert,sahelian_acacia_savanna,16.00817546,-13.68320371,
17,44,,18,2021,february,dry,crimean_congo_haemorrhagic_fever,vector,808,3,,,sample size equal number of vector pools,senegal,agnam_civol,desert,sahelian_acacia_savanna,16.00817546,-13.68320371,ticks were pooled for sampling - 3 of the pools were positive for CCHF but don’t know how many indidivual ticks were positive
19,45,,,1990,,,rift_valley_fever,animal,249,,92,,,senegal,dagana,desert,sahelian_acacia_savanna,16.51056251,-15.50296059,
19,46,,,1990,,,rift_valley_fever,animal,105,,9,,,senegal,dagana,desert,sahelian_acacia_savanna,16.51056251,-15.50296059,
19,47,,,1990,,,rift_valley_fever,animal,222,,60,,,senegal,podor,desert,sahelian_acacia_savanna,16.66072234,-14.95859529,
19,48,,,1990,,,rift_valley_fever,animal,259,,26,,,senegal,podor,desert,sahelian_acacia_savanna,16.66072234,-14.95859529,
19,49,,,1990,,,rift_valley_fever,animal,159,,20,,,senegal,matam,desert,sahelian_acacia_savanna,15.66024943,-13.25788065,
19,50,,,1990,,,rift_valley_fever,animal,231,,4,,,senegal,matam,desert,sahelian_acacia_savanna,15.66024943,-13.25788065,
20,51,,,2019,september,rainy,crimean_congo_haemorrhagic_fever,human,,1,,,case_report,senegal,douga,desert,sahelian_acacia_savanna,15.90648098,-13.50373016,
21,52,,,2021,july,rainy,crimean_congo_haemorrhagic_fever,vector,1956,53,,,,senegal,nabadji,desert,sahelian_acacia_savanna,15.7378981,-13.3890316,sample size is total num of pools and num pos are number of pools positive for CCHF
22,53,,,2020,all_months,both,rift_valley_fever,human,94,2,,,,senegal,ndiaye_ndiaye,,west_sudanian_savanna,13.9608855,-16.34432433,
22,54,,,2020,all_months,both,rift_valley_fever,human,226,4,,,,senegal,matam,desert,sahelian_acacia_savanna,15.66024943,-13.25788065,
22,55,,,2020,all_months,both,rift_valley_fever,human,,2,,,,senegal,saint_louis,desert,sahelian_acacia_savanna,16.03115919,-16.4809644,number of samples tested for this site not given
22,56,,,2020,all_months,both,rift_valley_fever,human,,1,,,,senegal,dakar,,west_sudanian_savanna,14.71765117,-17.46857751,number of samples tested for this site not given
23,57,38,,2006,august,rainy,trypanosoma_congolense,animal,276,80,,,,gambia,sambelkunda,,west_sudanian_savanna,13.66536638,-14.97566927,
23,58,39,,2006,august,rainy,trypanosoma_congolense,animal,75,26,,,,gambia,sambelkunda,,west_sudanian_savanna,13.66536638,-14.97566927,
23,59,40,,2006,august,rainy,trypanosoma_congolense,animal,169,27,,,,gambia,sambelkunda,,west_sudanian_savanna,13.66536638,-14.97566927,
24,60,,,1986,november,dry,crimean_congo_haemorrhagic_fever,human,150,,17,,,senegal,rosso,,sahelian_acacia_savanna,16.5002779,-15.80422558,
24,61,,,1986,november,dry,crimean_congo_haemorrhagic_fever,human,91,,5,,,senegal,dagana,,sahelian_acacia_savanna,16.51056251,-15.50296059,
24,62,,,1986,november,dry,crimean_congo_haemorrhagic_fever,human,106,,5,,,senegal,dahra,,west_sudanian_savanna,15.35638227,-15.48061172,
24,63,,,1986,november,dry,crimean_congo_haemorrhagic_fever,human,128,,27,,,senegal,yonofere,,west_sudanian_savanna,15.28108959,-14.39509536,
24,64,,,1986,november,dry,crimean_congo_haemorrhagic_fever,human,93,,3,,,senegal,bandia,,west_sudanian_savanna,14.62547031,-17.01797222,
24,65,,,1986,november,dry,crimean_congo_haemorrhagic_fever,human,84,,1,,,senegal,tambacounda,,west_sudanian_savanna,13.77426198,-13.66926128,
24,66,,,1986,november,dry,crimean_congo_haemorrhagic_fever,human,225,,2,,,senegal,kedougou,highlands,west_sudanian_savanna,12.56142659,-12.17128667,
24,67,,,1986,november,dry,crimean_congo_haemorrhagic_fever,human,140,,1,,,senegal,ziguinchor,,guinean_forest_savanna_mosaic,12.56365266,-16.26208013,
24,68,41,,1986,november,dry,crimean_congo_haemorrhagic_fever,animal,92,,35,,,senegal,saint_louis,,sahelian_acacia_savanna,16.03115919,-16.4809644,
24,69,42,,1986,november,dry,crimean_congo_haemorrhagic_fever,animal,390,,42,,,senegal,louga,,sahelian_acacia_savanna,15.65191408,-16.24297533,
24,70,43,,1986,november,dry,crimean_congo_haemorrhagic_fever,animal,48,,0,,,senegal,thies,,west_sudanian_savanna,14.79049824,-16.93620946,
24,71,44,,1986,november,dry,crimean_congo_haemorrhagic_fever,animal,44,,4,,,senegal,diourbel,,west_sudanian_savanna,14.65561167,-16.2360584,
24,72,45,,1986,november,dry,crimean_congo_haemorrhagic_fever,animal,41,,9,,,senegal,fatick,,west_sudanian_savanna,14.33898566,-16.41200815,
24,73,46,,1986,november,dry,crimean_congo_haemorrhagic_fever,animal,65,,3,,,senegal,kaolack,,west_sudanian_savanna,14.16116194,-16.08495934,
24,74,47,,1986,november,dry,crimean_congo_haemorrhagic_fever,animal,96,,0,,,senegal,tambacounda,,west_sudanian_savanna,13.77426198,-13.66926128,
24,75,48,,1986,november,dry,crimean_congo_haemorrhagic_fever,animal,133,,0,,,senegal,kolda,,guinean_forest_savanna_mosaic,12.90069235,-14.94257852,
24,76,49,,1986,november,dry,crimean_congo_haemorrhagic_fever,animal,37,,0,,,senegal,ziguinchor,,guinean_forest_savanna_mosaic,12.56365266,-16.26208013,
27,77,,,1999,july,rainy,rift_valley_fever,human,1520,,79,,,senegal,diawara,,sahelian_acacia_savanna,15.0184461,-12.54245014,
28,78,,,2014,september,rainy,ebola,human,75,1,,,,senegal,dakar,,west_sudanian_savanna,14.71765117,-17.46857751,sample size was the contacts of the single imported case of ebola to senegal
29,79,50,,2003,july_to_october,rainy,rift_valley_fever,animal,57,,0,,,senegal,barkedji,,sahelian_acacia_savanna,15.27752643,-14.86701138,
29,80,51,,2004,july_to_october,rainy,rift_valley_fever,animal,30,,0,,,senegal,barkedji,,sahelian_acacia_savanna,15.27752643,-14.86701138,
29,81,52,,2003,july_to_october,rainy,rift_valley_fever,animal,39,,1,,,senegal,furdu,,sahelian_acacia_savanna,15.241429,-14.851091,
29,82,53,,2004,july_to_october,rainy,rift_valley_fever,animal,28,,2,,,senegal,furdu,,sahelian_acacia_savanna,15.241429,-14.851091,
29,83,54,,2003,july_to_october,rainy,rift_valley_fever,animal,52,,14,,,senegal,kangaledji,,sahelian_acacia_savanna,15.265711,-14.834741,
29,84,55,,2004,july_to_october,rainy,rift_valley_fever,animal,39,,0,,,senegal,kangaledji,,sahelian_acacia_savanna,15.265711,-14.834741,
29,85,56,,2003,july_to_october,rainy,rift_valley_fever,animal,75,,3,,,senegal,ngao,,sahelian_acacia_savanna,15.21819889,-14.79712467,
29,86,57,,2004,july_to_october,rainy,rift_valley_fever,animal,47,,2,,,senegal,ngao,,sahelian_acacia_savanna,15.21819889,-14.79712467,
29,87,58,,2003,july_to_october,rainy,rift_valley_fever,animal,45,,5,,,senegal,niaka,,sahelian_acacia_savanna,15.29624869,-14.90269287,
29,88,59,,2004,july_to_october,rainy,rift_valley_fever,animal,33,,2,,,senegal,niaka,,sahelian_acacia_savanna,15.29624869,-14.90269287,
36,89,,,2017,april,dry,trypanosoma_congolense,animal,19,,,1,microscopy,gambia,sambel_kunda,,west_sudanian_savanna,13.553951,-15.261506,
36,90,,,2017,may,dry,trypanosoma_congolense and trypanosoma_vivax,animal,40,,,2,microscopy,gambia,kuli_kunda,,guinean_forest_savanna_mosaic,13.33790581,-15.92131894,
36,91,,,2017,may,dry,trypanosoma_congolense,animal,37,,,1,microscopy,gambia,karantaba,,guinean_mangroves,13.35226565,-16.15245381,
36,92,,,2017,may,dry,trypanosoma_congolense and trypanosoma_vivax,animal,40,,,2,microscopy,gambia,tankular,,guinean_forest_savanna_mosaic,13.41742104,-16.0334578,
36,93,,,2017,april,dry,trypansosomiasis,animal,32,,,0,microscopy,gambia,yerro_bere_kunda,,west_sudanian_savanna,13.50298469,-14.74165985,
36,94,,,2017,april,dry,trypansosomiasis,animal,30,,,0,microscopy,gambia,yerro_bere_kunda,,west_sudanian_savanna,13.50298469,-14.74165985,
36,95,,,2017,june,dry,trypansosomiasis,animal,10,,,0,microscopy,gambia,keneba,,guinean_forest_savanna_mosaic,13.33135085,-16.01034911,
36,96,,,2017,june,dry,trypansosomiasis,animal,10,,,0,microscopy,gambia,keneba,,guinean_forest_savanna_mosaic,13.33135085,-16.01034911,
36,97,,,2017,june,dry,trypanosoma_congolense,animal,19,,,1,microscopy,gambia,jali,,guinean_forest_savanna_mosaic,13.35171854,-15.96781157,
38,98,69,,,,,rift_valley_fever,animal,46,,12,,,gambia,keneba,,guinean_forest_savanna_mosaic,13.33363555,-16.00944323,
38,99,70,,,,,rift_valley_fever,animal,46,,25,,,gambia,keneba,,guinean_forest_savanna_mosaic,13.33363555,-16.00944323,
44,100,,25,1995,november,dry,yellow_fever,vector,699,19,,,,senegal,koungheul,,west_sudanian_savanna,13.9800968,-14.80110891,
44,101,,26,1995,november,dry,yellow_fever,vector,21,2,,,,senegal,koungheul,,west_sudanian_savanna,13.9800968,-14.80110891,
44,102,,27,1995,november,dry,yellow_fever,vector,1,1,,,,senegal,koungheul,,west_sudanian_savanna,13.9800968,-14.80110891,
44,103,,28,1995,november,dry,yellow_fever,vector,1,1,,,,senegal,koungheul,,west_sudanian_savanna,13.9800968,-14.80110891,
44,104,,29,1995,november,dry,yellow_fever,vector,5,0,,,,senegal,koungheul,,west_sudanian_savanna,13.9800968,-14.80110891,
44,105,,30,1995,november,dry,yellow_fever,vector,1,0,,,,senegal,koungheul,,west_sudanian_savanna,13.9800968,-14.80110891,
44,106,,31,1995,november,dry,yellow_fever,vector,1,0,,,,senegal,koungheul,,west_sudanian_savanna,13.9800968,-14.80110891,
44,107,,32,1995,november,dry,yellow_fever,vector,3,0,,,,senegal,koungheul,,west_sudanian_savanna,13.9800968,-14.80110891,
45,108,,,2019,,,avian_influenza,human,,1,,,case_report,senegal,ziguinchor,,guinean_forest_savanna_mosaic,12.56365266,-16.26208013,
50,109,,,2021,june_to_october,rainy,rift_valley_fever,human,,,36,,,senegal,agnam_civol,desert,sahelian_acacia_savanna,16.00702664,-13.68722412,
50,110,,,2021,novermber_to_may,dry,rift_valley_fever,human,,,17,,,senegal,agnam_civol,desert,sahelian_acacia_savanna,16.00702664,-13.68722412,
50,111,,,2021,june_to_october,rainy,rift_valley_fever,animal,,,17,,,senegal,idite,desert,sahelian_acacia_savanna,15.91783314,-13.71734984,
50,112,,,2021,novermber_to_may,dry,rift_valley_fever,animal,,,3,,,senegal,idite,desert,sahelian_acacia_savanna,15.91783314,-13.71734984,
51,113,,,2003,january,dry,crimean_congo_haemorrhagic_fever,human,,,1,,,senegal,popenguine,,guinean_forest_savanna_mosaic,14.55667493,-17.11139552,
53,114,,,2013_2014,april_to_march,both,rabies,human,,51,,,,senegal,dakar,,west_sudanian_savanna,14.71765117,-17.46857751,
60,115,,,1979,november,dry,yellow_fever,human,79,,74,,,senegal,toubakouta,,guinean_forest_savanna_mosaic,13.78207683,-16.46960076,
60,116,,,1979,november,dry,yellow_fever,human,26,,25,,,senegal,missirah,,guinean_forest_savanna_mosaic,13.68060122,-16.50076949,
60,117,,,1979,november,dry,yellow_fever,human,10,,4,,,senegal,keur_aliou_gueye,,guinean_forest_savanna_mosaic,13.78459294,-16.41125641,
60,118,,,1979,november,dry,yellow_fever,human,26,,25,,,senegal,foundiougne,,guinean_forest_savanna_mosaic,14.12401404,-16.46707752,
70,119,,,1993,march,dry,trypanosomiasis,animal,,,,6,prevalence,gambia,dankunku,,,13.57130384,-15.32643275,
72,120,,,2021_2022,all_months,both,crimean_congo_haemorrhagic_fever,human,335,,1,,,senegal,agnam_civol,desert,sahelian_acacia_savanna,16.00817546,-13.68320371,
72,121,,,2021_2022,all_months,both,crimean_congo_haemorrhagic_fever,animal,173,,69,,,senegal,idite,desert,sahelian_acacia_savanna,15.91783314,-13.71734984,
72,122,,,2021_2022,all_months,both,crimean_congo_haemorrhagic_fever,vector,2238,3,,,,senegal,idite,desert,sahelian_acacia_savanna,15.91783314,-13.71734984,
74,123,,,1986_1994,all_months,both,rabies,human,,,,,,senegal,dakar,,west_sudanian_savanna,14.71777469,-17.46757778,
76,124,,60,2010,september,rainy,yellow_fever,vector,69,4,,,sample size equal number of vector pools,senegal,kedougou,highlands,west_sudanian_savanna,12.56022099,-12.17433629,
76,125,,61,2010,october ,rainy,yellow_fever,vector,137,30,,,sample size equal number of vector pools,senegal,kedougou,highlands,west_sudanian_savanna,12.56022099,-12.17433629,
76,126,,62,2010,november,dry,yellow_fever,vector,53,1,,,sample size equal number of vector pools,senegal,kedougou,highlands,west_sudanian_savanna,12.56022099,-12.17433629,
76,127,,63,2010,september,rainy,yellow_fever,vector,52,4,,,sample size equal number of vector pools,senegal,kedougou,highlands,west_sudanian_savanna,12.56022099,-12.17433629,
76,128,,64,2010,october ,rainy,yellow_fever,vector,75,11,,,sample size equal number of vector pools,senegal,kedougou,highlands,west_sudanian_savanna,12.56022099,-12.17433629,
76,129,,65,2010,november,dry,yellow_fever,vector,26,6,,,sample size equal number of vector pools,senegal,kedougou,highlands,west_sudanian_savanna,12.56022099,-12.17433629,
76,130,,66,2010,september,rainy,yellow_fever,vector,14,0,,,sample size equal number of vector pools,senegal,kedougou,highlands,west_sudanian_savanna,12.56022099,-12.17433629,
76,131,,67,2010,october ,rainy,yellow_fever,vector,35,2,,,sample size equal number of vector pools,senegal,kedougou,highlands,west_sudanian_savanna,12.56022099,-12.17433629,
76,132,,68,2010,november,dry,yellow_fever,vector,33,2,,,sample size equal number of vector pools,senegal,kedougou,highlands,west_sudanian_savanna,12.56022099,-12.17433629,
78,133,,69,1983,october,rainy,rift_valley_fever,vector,,1,,,isolate,senegal,kedougou,highlands,west_sudanian_savanna,12.55539463,-12.18004146,
78,134,,,1993,november,dry,rift_valley_fever,animal,,1,,,isolate,senegal,kolda,,guinean_forest_savanna_mosaic,12.90020965,-14.94218441,
78,135,,70,1993,october,rainy,rift_valley_fever,vector,,1,,,isolate,senegal,barkedji,,sahelian_acacia_savanna,15.27755723,-14.86739345,
78,136,,,1993,october,rainy,rift_valley_fever,animal,,1,,,isolate,senegal,barkedji,,sahelian_acacia_savanna,15.27755723,-14.86739345,
78,137,,71,1993,october,rainy,rift_valley_fever,vector,,1,,,isolate,senegal,barkedji,,sahelian_acacia_savanna,15.27755723,-14.86739345,
78,138,,72,1993,october,rainy,rift_valley_fever,vector,,1,,,isolate,senegal,barkedji,,sahelian_acacia_savanna,15.27755723,-14.86739345,
78,139,,73,1998,november,dry,rift_valley_fever,vector,,1,,,isolate,senegal,diawara,,sahelian_acacia_savanna,15.01865142,-12.54385367,
78,140,,74,1998,november,dry,rift_valley_fever,vector,,1,,,isolate,senegal,diawara,,sahelian_acacia_savanna,15.01865142,-12.54385367,
78,141,,75,1998,november,dry,rift_valley_fever,vector,,1,,,isolate,senegal,diawara,,sahelian_acacia_savanna,15.01865142,-12.54385367,
78,142,,76,1998,november,dry,rift_valley_fever,vector,,1,,,isolate,senegal,diawara,,sahelian_acacia_savanna,15.01865142,-12.54385367,
78,143,,77,2002,october,rainy,rift_valley_fever,vector,,1,,,isolate,senegal,barkedji,,sahelian_acacia_savanna,15.27729708,-14.86687941,
78,144,,78,2002,november,dry,rift_valley_fever,vector,,1,,,isolate,senegal,barkedji,,sahelian_acacia_savanna,15.27729708,-14.86687941,
78,145,,79,2002,november,dry,rift_valley_fever,vector,,1,,,isolate,senegal,barkedji,,sahelian_acacia_savanna,15.27729708,-14.86687941,
78,146,,80,2002,november,dry,rift_valley_fever,vector,,1,,,isolate,senegal,barkedji,,sahelian_acacia_savanna,15.27729708,-14.86687941,
78,147,,81,2003,october,rainy,rift_valley_fever,vector,,1,,,isolate,senegal,barkedji,,sahelian_acacia_savanna,15.27729708,-14.86687941,
78,148,,82,2003,october,rainy,rift_valley_fever,vector,,1,,,isolate,senegal,barkedji,,sahelian_acacia_savanna,15.27729708,-14.86687941,
78,149,,83,2003,october,rainy,rift_valley_fever,vector,,1,,,isolate,senegal,barkedji,,sahelian_acacia_savanna,15.27729708,-14.86687941,
78,150,,84,2003,november,dry,rift_valley_fever,vector,,1,,,isolate,senegal,barkedji,,sahelian_acacia_savanna,15.27729708,-14.86687941,
79,151,,,1986_2005,all_months,both,rabies,human,,3,,,case_report,senegal,saint_louis,,sahelian_acacia_savanna,16.03478884,-16.47959111,
79,152,,,1986_2005,all_months,both,rabies,human,,6,,,case_report,senegal,louga,,sahelian_acacia_savanna,15.6132748,-16.22697984,
79,153,,,1986_2005,all_months,both,rabies,human,,7,,,case_report,senegal,diourbel,,west_sudanian_savanna,14.65661895,-16.23330982,
79,154,,,1986_2005,all_months,both,rabies,human,,9,,,case_report,senegal,thies,,west_sudanian_savanna,14.79087382,-16.93688802,
79,155,,,1986_2005,all_months,both,rabies,human,,11,,,case_report,senegal,dakar,,west_sudanian_savanna,14.71831529,-17.46445764,
79,156,,,1986_2005,all_months,both,rabies,human,,9,,,case_report,senegal,fatick,,west_sudanian_savanna,14.33902723,-16.41093527,
79,157,,,1986_2005,all_months,both,rabies,human,,6,,,case_report,senegal,kaolack,,west_sudanian_savanna,14.16557377,-16.07617531,
79,158,,,1986_2005,all_months,both,rabies,human,,1,,,case_report,senegal,tambacounda,,west_sudanian_savanna,13.77189409,-13.66844694,
79,159,,,1986_2005,all_months,both,rabies,human,,2,,,case_report,senegal,kolda,,guinean_forest_savanna_mosaic,12.89986189,-14.94038929,
82,160,,,1997_1998,all_months,both,trypanosomiasis,animal,,,,7.5,prevalence,gambia,niamina,,west_sudanian_savanna,13.66666667,-14.96666667,
82,161,,,1997_1998,all_months,both,trypanosomiasis,animal,,,,17.1,prevalence,gambia,bansang,,west_sudanian_savanna,,,
83,162,76,,1987_1988,november_february,dry,rift_valley_fever,animal,37,,8,,,senegal,saint_louis,,sahelian_acacia_savanna,15.8792355,-14.21706495,
83,163,77,,1987_1989,november_february,dry,rift_valley_fever,animal,9,,2,,,senegal,saint_louis,,sahelian_acacia_savanna,15.2958918,-13.95508802,
83,164,78,,1987_1990,november_february,dry,rift_valley_fever,animal,16,,0,,,senegal,saint_louis,,sahelian_acacia_savanna,15.60354408,-13.31420507,
83,165,79,,1987_1991,november_february,dry,rift_valley_fever,animal,30,,1,,,senegal,saint_louis,,sahelian_acacia_savanna,14.67378299,-13.35401068,
83,166,80,,1987_1992,november_february,dry,rift_valley_fever,animal,41,,8,,,senegal,saint_louis,,sahelian_acacia_savanna,15.8792355,-14.21706495,
83,167,81,,1987_1993,november_february,dry,rift_valley_fever,animal,15,,2,,,senegal,saint_louis,,sahelian_acacia_savanna,15.2958918,-13.95508802,
83,168,82,,1987_1994,november_february,dry,rift_valley_fever,animal,20,,0,,,senegal,saint_louis,,sahelian_acacia_savanna,15.60354408,-13.31420507,
83,169,83,,1987_1995,november_february,dry,rift_valley_fever,animal,37,,5,,,senegal,saint_louis,,sahelian_acacia_savanna,14.67378299,-13.35401068,
83,170,84,,1987_1996,november_february,dry,rift_valley_fever,animal,78,,3,,,senegal,louga,,sahelian_acacia_savanna,15.76439152,-16.44606756,
83,171,85,,1987_1997,november_february,dry,rift_valley_fever,animal,193,,11,,,senegal,louga,,sahelian_acacia_savanna,15.61459741,-16.22886733,
83,172,86,,1987_1998,november_february,dry,rift_valley_fever,animal,60,,24,,,senegal,louga,,sahelian_acacia_savanna,15.39348472,-15.10948433,
83,173,87,,1987_1999,november_february,dry,rift_valley_fever,animal,60,,1,,,senegal,louga,,sahelian_acacia_savanna,15.50408663,-15.99071053,
83,174,88,,1987_2000,november_february,dry,rift_valley_fever,animal,76,,9,,,senegal,louga,,sahelian_acacia_savanna,15.76439152,-16.44606756,
83,175,89,,1987_2001,november_february,dry,rift_valley_fever,animal,158,,8,,,senegal,louga,,sahelian_acacia_savanna,15.61459741,-16.22886733,
83,176,90,,1987_2002,november_february,dry,rift_valley_fever,animal,55,,17,,,senegal,louga,,sahelian_acacia_savanna,15.39348472,-15.10948433,
83,177,91,,1987_2003,november_february,dry,rift_valley_fever,animal,60,,2,,,senegal,louga,,sahelian_acacia_savanna,15.50408663,-15.99071053,
83,178,92,,1987_2004,november_february,dry,rift_valley_fever,animal,48,,2,,,senegal,thies,,guinean_forest_savanna_mosaic,14.7903872,-16.93651373,
83,179,93,,1987_2005,november_february,dry,rift_valley_fever,animal,47,,1,,,senegal,thies,,guinean_forest_savanna_mosaic,14.7903872,-16.93651373,
83,180,94,,1987_2006,november_february,dry,rift_valley_fever,animal,44,,6,,,senegal,diourbel,,west_sudanian_savanna,14.86669404,-15.8992259,
83,181,95,,1987_2007,november_february,dry,rift_valley_fever,animal,30,,0,,,senegal,diourbel,,west_sudanian_savanna,14.86669404,-15.8992259,
83,182,96,,1987_2008,november_february,dry,rift_valley_fever,animal,41,,3,,,senegal,fatick,,west_sudanian_savanna,14.1258715,-16.46652156,
83,183,97,,1987_2009,november_february,dry,rift_valley_fever,animal,42,,9,,,senegal,fatick,,west_sudanian_savanna,14.1258715,-16.46652156,
83,184,98,,1987_2010,november_february,dry,rift_valley_fever,animal,66,,3,,,senegal,kaolack,,west_sudanian_savanna,14.16555105,-16.07527076,
83,185,99,,1987_2011,november_february,dry,rift_valley_fever,animal,33,,0,,,senegal,kaolack,,west_sudanian_savanna,14.51330134,-14.71843732,
83,186,100,,1987_2012,november_february,dry,rift_valley_fever,animal,53,,11,,,senegal,kaolack,,west_sudanian_savanna,14.16555105,-16.07527076,
83,187,101,,1987_2013,november_february,dry,rift_valley_fever,animal,35,,0,,,senegal,kaolack,,west_sudanian_savanna,14.51330134,-14.71843732,
83,188,102,,1987_2014,november_february,dry,rift_valley_fever,animal,20,,0,,,senegal,tambacounda,,west_sudanian_savanna,14.1279916,-13.96756486,
83,189,103,,1987_2015,november_february,dry,rift_valley_fever,animal,21,,1,,,senegal,tambacounda,,west_sudanian_savanna,13.77256099,-13.66827449,
83,190,104,,1987_2016,november_february,dry,rift_valley_fever,animal,22,,1,,,senegal,tambacounda,,west_sudanian_savanna,13.07691959,-12.71372564,
83,191,105,,1987_2017,november_february,dry,rift_valley_fever,animal,12,,1,,,senegal,tambacounda,,west_sudanian_savanna,13.4026499,-12.54472485,
83,192,106,,1987_2018,november_february,dry,rift_valley_fever,animal,21,,0,,,senegal,tambacounda,,west_sudanian_savanna,14.01706087,-13.15576521,
83,193,107,,1987_2019,november_february,dry,rift_valley_fever,animal,45,,1,,,senegal,kolda,,guinean_forest_savanna_mosaic,13.29779175,-15.73718212,
83,194,108,,1987_2020,november_february,dry,rift_valley_fever,animal,19,,0,,,senegal,kolda,,guinean_forest_savanna_mosaic,13.23054687,-15.4339587,
83,195,109,,1987_2021,november_february,dry,rift_valley_fever,animal,34,,0,,,senegal,kolda,,guinean_forest_savanna_mosaic,13.14936937,-14.10688167,
83,196,110,,1987_2022,november_february,dry,rift_valley_fever,animal,37,,1,,,senegal,ziguinchor,,guinean_forest_savanna_mosaic,12.56522068,-16.26211724,
87,197,,,2006_2012,all_months,both,rabies,animal,49,3,,,,gambia,fajara,,guinean_forest_savanna_mosaic,13.46965912,-16.6914082,
88,198,,,2001,,,rabies,human,,1,,,isolate,senegal,dakar,,west_sudanian_savanna,14.7159504,-17.46441283,
88,199,,,2005,,,rabies,human,,1,,,isolate,senegal,dakar,,west_sudanian_savanna,14.7159504,-17.46441283,
88,200,,,2011,,,rabies,animal,,1,,,isolate,senegal,linguiere,,sahelian_acacia_savanna,15.3957951,-15.11091882,
88,201,,,2010,,,rabies,animal,,1,,,isolate,senegal,dakar,,west_sudanian_savanna,14.7159504,-17.46441283,
88,202,,,2008,,,rabies,animal,,1,,,isolate,senegal,dakar,,west_sudanian_savanna,14.7159504,-17.46441283,
88,203,,,2011,,,rabies,animal,,1,,,isolate,senegal,dahra,,sahelian_acacia_savanna,15.35614089,-15.48323864,
88,204,,,2011,,,rabies,animal,,1,,,isolate,senegal,dahra,,sahelian_acacia_savanna,15.35614089,-15.48323864,
88,205,,,2013,,,rabies,animal,,1,,,isolate,senegal,diamniadio,,guinean_mangroves,14.0657594,-16.57523295,
88,206,,,2010,,,rabies,animal,,1,,,isolate,senegal,dakar,,west_sudanian_savanna,14.7159504,-17.46441283,
88,207,,,2013,,,rabies,animal,,1,,,isolate,senegal,dakar,,west_sudanian_savanna,14.7159504,-17.46441283,
88,208,,,2014,,,rabies,animal,,1,,,isolate,senegal,dakar,,west_sudanian_savanna,14.7159504,-17.46441283,
88,209,,,2014,,,rabies,animal,,1,,,isolate,senegal,dakar,,west_sudanian_savanna,14.7159504,-17.46441283,
88,210,,,2013,,,rabies,animal,,1,,,isolate,senegal,dakar,,west_sudanian_savanna,14.7159504,-17.46441283,
88,211,,,2014,,,rabies,animal,,1,,,isolate,senegal,dakar,,west_sudanian_savanna,14.7159504,-17.46441283,
88,212,,,2007,,,rabies,human,,1,,,isolate,senegal,dakar,,west_sudanian_savanna,14.7159504,-17.46441283,
88,213,,,2011,,,rabies,animal,,1,,,isolate,senegal,dahra,,sahelian_acacia_savanna,15.35614089,-15.48323864,
88,214,,,2011,,,rabies,human,,1,,,isolate,senegal,dakar,,west_sudanian_savanna,14.7159504,-17.46441283,
88,215,,,2015,,,rabies,animal,,1,,,isolate,senegal,dakar,,west_sudanian_savanna,14.7159504,-17.46441283,
91,216,,,2002,october,rainy,rift_valley_fever,vector,0,0,,,,senegal,barkedji,,sahelian_acacia_savanna,15.2951043,-14.90534271,
91,217,,,2002,november,dry,rift_valley_fever,vector,0,0,,,,senegal,barkedji,,sahelian_acacia_savanna,15.2900152,-14.9553885,
91,218,,,2002,october,rainy,rift_valley_fever,vector,16631,10,,,,senegal,barkedji,,sahelian_acacia_savanna,15.28642217,-14.88453452,
91,219,,,2002,november,dry,rift_valley_fever,vector,0,0,,,,senegal,barkedji,,sahelian_acacia_savanna,15.27750099,-14.86717637,
91,220,,,2002,october,rainy,rift_valley_fever,vector,3403,4,,,,senegal,barkedji,,sahelian_acacia_savanna,,-14.90534271,
91,221,,,2002,november,dry,rift_valley_fever,vector,17712,25,,,,senegal,barkedji,,sahelian_acacia_savanna,,-14.9553885,
91,222,,,2002,october,rainy,rift_valley_fever,vector,429,0,,,,senegal,barkedji,,sahelian_acacia_savanna,,-14.88453452,
91,223,,,2002,november,dry,rift_valley_fever,vector,3315,0,,,,senegal,barkedji,,sahelian_acacia_savanna,,-14.86717637,
91,224,,,2002,october,rainy,rift_valley_fever,vector,1114,0,,,,senegal,barkedji,,sahelian_acacia_savanna,,-14.90534271,
91,225,,,2002,november,dry,rift_valley_fever,vector,0,0,,,,senegal,barkedji,,sahelian_acacia_savanna,,-14.9553885,
91,226,,,2003,october,rainy,rift_valley_fever,vector,1,1,,,,senegal,barkedji,,sahelian_acacia_savanna,,-14.88453452,
91,227,,,2003,november,dry,rift_valley_fever,vector,0,0,,,,senegal,barkedji,,sahelian_acacia_savanna,,-14.86717637,
91,228,,,2003,october,rainy,rift_valley_fever,vector,102,0,,,,senegal,barkedji,,sahelian_acacia_savanna,,-14.90534271,
91,229,,,2003,november,dry,rift_valley_fever,vector,0,0,,,,senegal,barkedji,,sahelian_acacia_savanna,,-14.9553885,
91,230,,,2003,october,rainy,rift_valley_fever,vector,2996,3,,,,senegal,barkedji,,sahelian_acacia_savanna,,-14.88453452,
91,231,,,2003,november,dry,rift_valley_fever,vector,2194,0,,,,senegal,barkedji,,sahelian_acacia_savanna,,-14.86717637,
91,232,,,2003,october,rainy,rift_valley_fever,vector,625,1,,,,senegal,barkedji,,sahelian_acacia_savanna,,-14.90534271,
91,233,,,2003,november,dry,rift_valley_fever,vector,443,1,,,,senegal,barkedji,,sahelian_acacia_savanna,,-14.9553885,
91,234,,,2003,october,rainy,rift_valley_fever,vector,903,1,,,,senegal,barkedji,,sahelian_acacia_savanna,,-14.88453452,
91,235,,,2003,november,dry,rift_valley_fever,vector,118,0,,,,senegal,barkedji,,sahelian_acacia_savanna,,-14.86717637,
96,236,125,,1988,january,dry,rift_valley_fever,animal,7,,4,,,senegal,farafenni,,west_sudanian_savanna,13.5724095,-15.59991637,
96,237,126,,1988,january,dry,rift_valley_fever,animal,108,,44,,,senegal,farafenni,,west_sudanian_savanna,13.5724095,-15.59991637,
96,238,127,,1988,january,dry,rift_valley_fever,animal,21,,8,,,senegal,farafenni,,west_sudanian_savanna,13.5724095,-15.59991637,
96,239,128,,1988,january,dry,rift_valley_fever,animal,10,,0,,,senegal,somone,,guinean_forest_savanna_mosaic,14.4850848,-17.07466457,
96,240,129,,1988,january,dry,rift_valley_fever,animal,19,,1,,,senegal,somone,,guinean_forest_savanna_mosaic,14.4850848,-17.07466457,
96,241,130,,1988,january,dry,rift_valley_fever,animal,17,,13,,,senegal,dagana,,sahelian_acacia_savanna,16.51116222,-15.50232689,
96,242,131,,1988,january,dry,rift_valley_fever,animal,128,,86,,,senegal,dagana,,sahelian_acacia_savanna,16.51116222,-15.50232689,
96,243,132,,1988,january,dry,rift_valley_fever,animal,327,,199,,,senegal,dagana,,sahelian_acacia_savanna,16.51116222,-15.50232689,
99,244,,,2012,october,rainy,rift_valley_fever,human,1,1,,,,senegal,baya,,west_sudanian_savanna,12.39335791,-12.56001523,
99,245,,,2012,october,rainy,rift_valley_fever,human,333,,3,,,senegal,ibel,,west_sudanian_savanna,12.51082639,-12.38073708,
100,246,133,,2015,august,rainy,rift_valley_fever,animal,66,,1,,,senegal,yonofere,,sahelian_acacia_savanna,15.26471464,-14.44984076,
100,247,134,,2015,august,rainy,rift_valley_fever,animal,28,,0,,,senegal,yonofere,,sahelian_acacia_savanna,15.26456245,-14.44519342,
100,248,135,,2015,august,rainy,rift_valley_fever,animal,26,,0,,,senegal,yonofere,,sahelian_acacia_savanna,15.26471464,-14.44984076,
100,249,136,,2015,september,rainy,rift_valley_fever,animal,174,,16,,,senegal,yonofere,,sahelian_acacia_savanna,15.26456245,-14.44519342,
100,250,137,,2015,september,rainy,rift_valley_fever,animal,85,,12,,,senegal,yonofere,,sahelian_acacia_savanna,15.26471464,-14.44984076,
100,251,138,,2015,september,rainy,rift_valley_fever,animal,11,,3,,,senegal,yonofere,,sahelian_acacia_savanna,15.26456245,-14.44519342,
100,252,139,,2015,december,dry,rift_valley_fever,animal,95,,19,,,senegal,yonofere,,sahelian_acacia_savanna,15.26471464,-14.44984076,
100,253,140,,2015,december,dry,rift_valley_fever,animal,22,,3,,,senegal,yonofere,,sahelian_acacia_savanna,15.26456245,-14.44519342,
100,254,141,,2015,december,dry,rift_valley_fever,animal,33,,7,,,senegal,yonofere,,sahelian_acacia_savanna,15.26471464,-14.44984076,
100,255,142,,2016,january,dry,rift_valley_fever,animal,94,,13,,,senegal,yonofere,,sahelian_acacia_savanna,15.26456245,-14.44519342,
100,256,143,,2016,january,dry,rift_valley_fever,animal,26,,8,,,senegal,yonofere,,sahelian_acacia_savanna,15.26471464,-14.44984076,
100,257,144,,2016,may,dry,rift_valley_fever,animal,168,,24,,,senegal,yonofere,,sahelian_acacia_savanna,15.26456245,-14.44519342,
100,258,145,,2016,may,dry,rift_valley_fever,animal,54,,10,,,senegal,yonofere,,sahelian_acacia_savanna,15.26471464,-14.44984076,
101,259,,,1989,february_to_may,dry,rift_valley_fever,human,273,,61,,,senegal,yonofere,,sahelian_acacia_savanna,15.26905381,-14.4634345,
101,260,146,,1989,february_to_may,dry,rift_valley_fever,animal,375,,113,,,senegal,yonofere,,sahelian_acacia_savanna,15.26905381,-14.4634345,
102,261,147,,2003,july_to_october,rainy,rift_valley_fever,animal,100,,0,,,senegal,barkedji,,sahelian_acacia_savanna,15.27748259,-14.86746394,
102,262,148,,2003,july_to_october,rainy,rift_valley_fever,animal,40,,1,,,senegal,furdu,,sahelian_acacia_savanna,15.22194049,-14.82378423,
102,263,149,,2003,july_to_october,rainy,rift_valley_fever,animal,86,,14,,,senegal,kangaledji,,sahelian_acacia_savanna,15.26654812,-14.85807011,
102,264,150,,2003,july_to_october,rainy,rift_valley_fever,animal,101,,3,,,senegal,loumbel_lana,,sahelian_acacia_savanna,15.26664133,-14.73308908,
102,265,151,,2003,july_to_october,rainy,rift_valley_fever,animal,90,,3,,,senegal,ngao,,sahelian_acacia_savanna,15.21663381,-14.79954877,
102,266,152,,2003,july_to_october,rainy,rift_valley_fever,animal,94,,5,,,senegal,niaka,,sahelian_acacia_savanna,15.2946202,-14.90687148,
102,267,153,,2003,july_to_october,rainy,rift_valley_fever,animal,99,,0,,,senegal,yaralope,,sahelian_acacia_savanna,15.39724786,-14.78328415,
105,268,,,1995,april,dry,rift_valley_fever,human,270,,21,,,senegal,saint_louis,,sahelian_acacia_savanna,16.03253742,-16.48150495,
105,269,,,1996,october,rainy,rift_valley_fever,human,112,,22,,,senegal,nder,,sahelian_acacia_savanna,16.2593509,-15.88382828,
105,270,,,1995,january,dry,rift_valley_fever,human,61,,13,,,senegal,rosso,,sahelian_acacia_savanna,16.49955488,-15.81293311,
105,271,,,1995,june,rainy,rift_valley_fever,human,165,,46,,,senegal,rosso,,sahelian_acacia_savanna,16.49955488,-15.81293311,
105,272,,,1996,march,dry,rift_valley_fever,human,459,,60,,,senegal,podor,,sahelian_acacia_savanna,16.6601114,-14.95898275,
105,273,,,1996,december,dry,rift_valley_fever,human,279,,43,,,senegal,podor,,sahelian_acacia_savanna,16.6601114,-14.95898275,
105,274,154,,1994,june_to_december,both,rift_valley_fever,animal,40,,16,,,senegal,ross_bethio,,sahelian_acacia_savanna,16.27759604,-16.13908283,
105,275,155,,1994,june_to_december,both,rift_valley_fever,animal,,,1,,case_report,senegal,niandane,,sahelian_acacia_savanna,16.59421161,-14.98994486,
105,276,156,,1994,june_to_december,both,rift_valley_fever,animal,,,1,,case_report,senegal,niassante,,sahelian_acacia_savanna,16.16826272,-15.55007113,
105,277,157,,1994,june_to_december,both,rift_valley_fever,animal,,,1,,case_report,senegal,rao,,sahelian_acacia_savanna,15.92278959,-16.39621292,
105,278,158,,1994,june_to_december,both,rift_valley_fever,animal,,,1,,case_report,senegal,m_pal,,sahelian_acacia_savanna,15.92126937,-16.26665349,
108,279,,,1989,february_to_may,dry,crimean_congo_haemorrhagic_fever,human,283,,37,,,senegal,yonofere,,sahelian_acacia_savanna,15.26340278,-14.45238871,
108,280,,,1989,february_to_may,dry,crimean_congo_haemorrhagic_fever,animal,371,,35,,,senegal,yonofere,,sahelian_acacia_savanna,15.26340278,-14.45238871,
112,281,160,,2021,april_to_may,dry,crimean_congo_haemorrhagic_fever,animal,125,,37,,,gambia,abuko,,guinean_mangroves,13.39943559,-16.65436282,
112,282,161,,2021,april_to_may,dry,crimean_congo_haemorrhagic_fever,animal,51,,10,,,gambia,abuko,,guinean_mangroves,13.39943559,-16.65436282,
112,283,162,,2021,april_to_may,dry,crimean_congo_haemorrhagic_fever,animal,34,,8,,,gambia,basse,,west_sudanian_savanna,13.30938791,-14.21879286,
112,284,163,,2021,april_to_may,dry,crimean_congo_haemorrhagic_fever,animal,79,,10,,,gambia,basse,,west_sudanian_savanna,13.30938791,-14.21879286,
112,285,164,,2021,april_to_may,dry,crimean_congo_haemorrhagic_fever,animal,34,,1,,,gambia,brikama,,guinean_mangroves,13.27480186,-16.64075122,
112,286,165,,2021,april_to_may,dry,crimean_congo_haemorrhagic_fever,animal,91,,7,,,gambia,brikama,,guinean_mangroves,13.27480186,-16.64075122,
112,287,166,,2021,april_to_may,dry,crimean_congo_haemorrhagic_fever,animal,53,,6,,,gambia,brikamaba,,west_sudanian_savanna,13.5364385,-14.93122785,
112,288,167,,2021,april_to_may,dry,crimean_congo_haemorrhagic_fever,animal,38,,2,,,gambia,brikamaba,,west_sudanian_savanna,13.5364385,-14.93122785,
112,289,168,,2021,april_to_may,dry,crimean_congo_haemorrhagic_fever,animal,21,,1,,,gambia,farafenni,,west_sudanian_savanna,13.57217219,-15.59982548,
112,290,169,,2021,april_to_may,dry,crimean_congo_haemorrhagic_fever,animal,56,,1,,,gambia,farafenni,,west_sudanian_savanna,13.57217219,-15.59982548,
112,291,170,,2021,april_to_may,dry,crimean_congo_haemorrhagic_fever,animal,129,,11,,,gambia,keneba,,guinean_forest_savanna_mosaic,13.33164051,-16.00955043,
112,292,171,,2021,april_to_may,dry,crimean_congo_haemorrhagic_fever,animal,152,,7,,,gambia,keneba,,guinean_forest_savanna_mosaic,13.33164051,-16.00955043,
112,293,172,,2021,april_to_may,dry,crimean_congo_haemorrhagic_fever,animal,11,,1,,,gambia,soma,,west_sudanian_savanna,13.44421532,-15.53882803,
112,294,173,,2021,april_to_may,dry,crimean_congo_haemorrhagic_fever,animal,45,,2,,,gambia,soma,,west_sudanian_savanna,13.44421532,-15.53882803,
112,295,174,,2021,april_to_may,dry,crimean_congo_haemorrhagic_fever,animal,63,,24,,,gambia,sololo,,west_sudanian_savanna,13.45166851,-14.6791525,
112,296,175,,2021,april_to_may,dry,crimean_congo_haemorrhagic_fever,animal,32,,10,,,gambia,sololo,,west_sudanian_savanna,13.45166851,-14.6791525,
112,297,176,,2021,april_to_may,dry,crimean_congo_haemorrhagic_fever,animal,30,,24,,,gambia,bajana,,guinean_forest_savanna_mosaic,13.31266128,-15.88516,
112,298,177,,2021,april_to_may,dry,crimean_congo_haemorrhagic_fever,animal,40,,12,,,gambia,bateling,,west_sudanian_savanna,13.40868358,-15.84273318,
112,299,178,,2021,april_to_may,dry,crimean_congo_haemorrhagic_fever,animal,65,,28,,,gambia,dumbuto,,guinean_forest_savanna_mosaic,13.3493711,-15.83246456,
112,300,179,,2021,april_to_may,dry,crimean_congo_haemorrhagic_fever,animal,30,,13,,,gambia,jali,,guinean_forest_savanna_mosaic,13.3517479,-15.96771388,
112,301,180,,2021,april_to_may,dry,crimean_congo_haemorrhagic_fever,animal,30,,24,,,gambia,jiffarong,,guinean_forest_savanna_mosaic,13.3015598,-15.86848457,
112,302,181,,2021,april_to_may,dry,crimean_congo_haemorrhagic_fever,animal,30,,22,,,gambia,kuli_kunda,,guinean_forest_savanna_mosaic,13.337864,-15.92215592,
112,303,182,,2021,april_to_may,dry,crimean_congo_haemorrhagic_fever,animal,49,,36,,,gambia,jataba,,guinean_forest_savanna_mosaic,13.27398818,-15.82695056,
112,304,183,,2021,april_to_may,dry,crimean_congo_haemorrhagic_fever,animal,45,,15,,,gambia,sankandi,,guinean_forest_savanna_mosaic,13.2921164,-15.82971321,
112,305,184,,2021,april_to_may,dry,crimean_congo_haemorrhagic_fever,animal,30,,23,,,gambia,tankular,,guinean_forest_savanna_mosaic,13.41745548,-16.03395362,
112,306,185,,2021,april_to_may,dry,crimean_congo_haemorrhagic_fever,animal,50,,42,,,gambia,wudeba,,guinean_forest_savanna_mosaic,13.32029786,-15.83071252,
116,307,,,1993,november,dry,yellow_fever,human,411,,317,,,senegal,kedougou,,west_sudanian_savanna,12.56156928,-12.17741391,
116,308,186,,1994,january,dry,yellow_fever,animal,40,,37,,,senegal,kedougou,,west_sudanian_savanna,12.56114564,-12.17380517,
116,309,187,,1994,january,dry,yellow_fever,animal,8,,6,,,senegal,kedougou,,west_sudanian_savanna,12.56114564,-12.17380517,
116,310,188,,1994,january,dry,yellow_fever,animal,5,,5,,,senegal,kedougou,,west_sudanian_savanna,12.56114564,-12.17380517,
116,311,,258,1993,july,rainy,yellow_fever,vector,61,0,,,sample size equal number of vector pools,senegal,kedougou,,west_sudanian_savanna,12.56058881,-12.17042784,
116,312,,259,1993,october_to_november,both,yellow_fever,vector,182,123,,,sample size equal number of vector pools,senegal,kedougou,,west_sudanian_savanna,12.56058881,-12.17042784,
116,313,,260,1993,july,rainy,yellow_fever,vector,16,0,,,sample size equal number of vector pools,senegal,kedougou,,west_sudanian_savanna,12.56058881,-12.17042784,
116,314,,261,1993,october_to_november,both,yellow_fever,vector,77,39,,,sample size equal number of vector pools,senegal,kedougou,,west_sudanian_savanna,12.56058881,-12.17042784,
116,315,,262,1993,july,rainy,yellow_fever,vector,1,0,,,sample size equal number of vector pools,senegal,kedougou,,west_sudanian_savanna,12.56058881,-12.17042784,
116,316,,263,1993,july,rainy,yellow_fever,vector,18,0,,,sample size equal number of vector pools,senegal,kedougou,,west_sudanian_savanna,12.56058881,-12.17042784,
116,317,,264,1993,october_to_november,both,yellow_fever,vector,54,25,,,sample size equal number of vector pools,senegal,kedougou,,west_sudanian_savanna,12.56058881,-12.17042784,
116,318,,265,1993,july,rainy,yellow_fever,vector,7,0,,,sample size equal number of vector pools,senegal,kedougou,,west_sudanian_savanna,12.56058881,-12.17042784,
116,319,,266,1993,october_to_november,both,yellow_fever,vector,11,0,,,sample size equal number of vector pools,senegal,kedougou,,west_sudanian_savanna,12.56058881,-12.17042784,
116,320,,267,1993,july,rainy,yellow_fever,vector,1,0,,,sample size equal number of vector pools,senegal,kedougou,,west_sudanian_savanna,12.56058881,-12.17042784,
116,321,,268,1993,october_to_november,both,yellow_fever,vector,12,0,,,sample size equal number of vector pools,senegal,kedougou,,west_sudanian_savanna,12.56058881,-12.17042784,
116,322,,269,1993,july,rainy,yellow_fever,vector,3,0,,,sample size equal number of vector pools,senegal,kedougou,,west_sudanian_savanna,12.56058881,-12.17042784,
116,323,,270,1993,october_to_november,both,yellow_fever,vector,2,0,,,sample size equal number of vector pools,senegal,kedougou,,west_sudanian_savanna,12.56058881,-12.17042784,
116,324,,271,1993,july,rainy,yellow_fever,vector,1,0,,,sample size equal number of vector pools,senegal,kedougou,,west_sudanian_savanna,12.56058881,-12.17042784,
116,325,,272,1993,july,rainy,yellow_fever,vector,36,0,,,sample size equal number of vector pools,senegal,kedougou,,west_sudanian_savanna,12.56058881,-12.17042784,
116,326,,273,1993,october_to_november,both,yellow_fever,vector,15,0,,,sample size equal number of vector pools,senegal,kedougou,,west_sudanian_savanna,12.56058881,-12.17042784,
116,327,,274,1993,july,rainy,yellow_fever,vector,5,0,,,sample size equal number of vector pools,senegal,kedougou,,west_sudanian_savanna,12.56058881,-12.17042784,
116,328,,275,1993,october_to_november,both,yellow_fever,vector,32,0,,,sample size equal number of vector pools,senegal,kedougou,,west_sudanian_savanna,12.56058881,-12.17042784,
116,329,,276,1993,july,rainy,yellow_fever,vector,4,0,,,sample size equal number of vector pools,senegal,kedougou,,west_sudanian_savanna,12.56058881,-12.17042784,
116,330,,277,1993,october_to_november,both,yellow_fever,vector,2,0,,,sample size equal number of vector pools,senegal,kedougou,,west_sudanian_savanna,12.56058881,-12.17042784,
119,331,,,2013,november,dry,rift_valley_fever,human,1,,1,,,senegal,linguiere,,sahelian_acacia_savanna,15.39585248,-15.11100229,
119,332,,,2013,november,dry,rift_valley_fever,human,196,,25,,,senegal,mbour,,guinean_forest_savanna_mosaic,14.42044066,-16.9719456,
119,333,,,2013,november,dry,rift_valley_fever,human,338,,9,,,senegal,kedougou,,west_sudanian_savanna,12.55845163,-12.1712083,
119,334,189,,2013,november,dry,rift_valley_fever,animal,40,,30,,,senegal,mbour,,guinean_forest_savanna_mosaic,14.42044066,-16.9719456,
119,335,190,,2013,november,dry,rift_valley_fever,animal,33,8,,,,senegal,guembeul,,sahelian_acacia_savanna,15.93374701,-16.4655498,
119,336,191,,2013,november,dry,rift_valley_fever,animal,168,31,,,,senegal,diama,,sahelian_acacia_savanna,16.20809854,-16.40392972,
119,337,192,,2013,november,dry,rift_valley_fever,animal,40,6,,,,senegal,ngnith,,sahelian_acacia_savanna,16.17948486,-15.91129593,
119,338,193,,2013,november,dry,rift_valley_fever,animal,190,7,,,,senegal,dakar,,west_sudanian_savanna,14.71592411,-17.46652194,
123,339,,,2020,october,rainy,yellow_fever,human,,,1,,case_report,senegal,kidira,,west_sudanian_savanna,14.45823297,-12.2113512,
123,340,,,2020,october,rainy,yellow_fever,human,,,1,,case_report,senegal,bakel,,west_sudanian_savanna,14.90661831,-12.46043508,
123,341,,,2020,november,dry,yellow_fever,human,,,1,,case_report,senegal,kidira,,west_sudanian_savanna,14.45823297,-12.2113512,
123,342,,,2020,november,dry,yellow_fever,human,,,1,,case_report,senegal,kidira,,west_sudanian_savanna,14.45823297,-12.2113512,
123,343,,,2020,november,dry,yellow_fever,human,,,1,,case_report,senegal,matam,,sahelian_acacia_savanna,15.66020189,-13.25776785,
123,344,,,2020_2021,september_to_may,both,yellow_fever,human,421,,13,,sample size equal number of vector pools,senegal,kedougou,,west_sudanian_savanna,12.56117526,-12.17360425,
123,345,,,2020_2021,september_to_may,both,yellow_fever,human,120,,4,,sample size equal number of vector pools,senegal,saraya,,west_sudanian_savanna,12.83622957,-11.75531067,
123,346,,278,2020,august,rainy,yellow_fever,vector,97,,0,,sample size equal number of vector pools,senegal,kedougou,,west_sudanian_savanna,12.56117526,-12.17360425,
123,347,,279,2020,august,rainy,yellow_fever,vector,9,,0,,sample size equal number of vector pools,senegal,kedougou,,west_sudanian_savanna,12.56117526,-12.17360425,
123,348,,280,2020,august,rainy,yellow_fever,vector,108,,6,,sample size equal number of vector pools,senegal,kedougou,,west_sudanian_savanna,12.56117526,-12.17360425,
123,349,,281,2020,august,rainy,yellow_fever,vector,58,,3,,sample size equal number of vector pools,senegal,kedougou,,west_sudanian_savanna,12.56117526,-12.17360425,
123,350,,282,2020,august,rainy,yellow_fever,vector,33,,1,,sample size equal number of vector pools,senegal,kedougou,,west_sudanian_savanna,12.56117526,-12.17360425,
123,351,,283,2020,august,rainy,yellow_fever,vector,86,,0,,sample size equal number of vector pools,senegal,kedougou,,west_sudanian_savanna,12.56117526,-12.17360425,
123,352,,284,2020,september,rainy,yellow_fever,vector,65,,0,,sample size equal number of vector pools,senegal,kedougou,,west_sudanian_savanna,12.56117526,-12.17360425,
123,353,,285,2020,september,rainy,yellow_fever,vector,11,,1,,sample size equal number of vector pools,senegal,kedougou,,west_sudanian_savanna,12.56117526,-12.17360425,
123,354,,286,2020,september,rainy,yellow_fever,vector,74,,7,,sample size equal number of vector pools,senegal,kedougou,,west_sudanian_savanna,12.56117526,-12.17360425,
123,355,,287,2020,september,rainy,yellow_fever,vector,33,,5,,sample size equal number of vector pools,senegal,kedougou,,west_sudanian_savanna,12.56117526,-12.17360425,
123,356,,288,2020,september,rainy,yellow_fever,vector,15,,1,,sample size equal number of vector pools,senegal,kedougou,,west_sudanian_savanna,12.56117526,-12.17360425,
123,357,,289,2020,september,rainy,yellow_fever,vector,64,,1,,sample size equal number of vector pools,senegal,kedougou,,west_sudanian_savanna,12.56117526,-12.17360425,
123,358,,290,2020,november,dry,yellow_fever,vector,4,,0,,sample size equal number of vector pools,senegal,kidira,,west_sudanian_savanna,14.45823297,-12.2113512,
123,359,,291,2020,november,dry,yellow_fever,vector,0,,0,,sample size equal number of vector pools,senegal,kidira,,west_sudanian_savanna,14.45823297,-12.2113512,
123,360,,292,2020,november,dry,yellow_fever,vector,0,,0,,sample size equal number of vector pools,senegal,kidira,,west_sudanian_savanna,14.45823297,-12.2113512,
123,361,,293,2020,november,dry,yellow_fever,vector,0,,0,,sample size equal number of vector pools,senegal,kidira,,west_sudanian_savanna,14.45823297,-12.2113512,
123,362,,294,2020,november,dry,yellow_fever,vector,0,,0,,sample size equal number of vector pools,senegal,kidira,,west_sudanian_savanna,14.45823297,-12.2113512,
123,363,,295,2020,november,dry,yellow_fever,vector,0,,0,,sample size equal number of vector pools,senegal,kidira,,west_sudanian_savanna,14.45823297,-12.2113512,
124,364,,,1996,november,dry,yellow_fever,human,12,,9,,,senegal,kaffrine,,west_sudanian_savanna,14.1044778,-15.5504066,
124,365,,,1996,november,dry,yellow_fever,human,167,,37,,,senegal,dougounbene,,west_sudanian_savanna,14.13147133,-15.58473371,
124,366,,,1996,november,dry,yellow_fever,human,78,,16,,,senegal,katiawane,,west_sudanian_savanna,13.95003164,-15.51663364,
124,367,,,1996,november,dry,yellow_fever,human,67,,9,,,senegal,lanta,,west_sudanian_savanna,14.07054282,-15.58844115,
124,368,,,1996,november,dry,yellow_fever,human,42,,10,,,senegal,mbollop,,west_sudanian_savanna,13.93275056,-15.54265993,
124,369,,,1996,november,dry,yellow_fever,human,83,,19,,,senegal,nianghene,,west_sudanian_savanna,13.9668678,-15.60003409,
126,370,,,2004,november,dry,crimean_congo_haemorrhagic_fever,human,,,1,,case_report,senegal,saly,,guinean_forest_savanna_mosaic,14.44382957,-16.98926643,
127,372,,,2004,november,dry,crimean_congo_haemorrhagic_fever,human,,,1,,case_report,senegal,saly,,guinean_forest_savanna_mosaic,14.44467164,-16.99023965,
129,373,,,1965,november,dry,yellow_fever,human,,15,,,case_report,senegal,ngoye,,west_sudanian_savanna,14.64175597,-16.43463938,
129,374,,,1965,november,dry,yellow_fever,human,,,10,,case_report,senegal,ngoye,,west_sudanian_savanna,14.64204519,-16.43370395,
242,375,1263,,2018_2019,all_months,both,avian_influenza,animal,69,19,,,,senegal,dakar,,,,,
242,376,1264,,2018_2019,all_months,both,avian_influenza,animal,109,41,,,,senegal,diourbel,,,,,
242,377,1265,,2018_2019,all_months,both,avian_influenza,animal,778,232,,,,senegal,fatick,,,,,
242,378,1266,,2018_2019,all_months,both,avian_influenza,animal,15,3,,,,senegal,kaffrine,,,,,
242,379,1267,,2018_2019,all_months,both,avian_influenza,animal,20,2,,,,senegal,kaolack,,,,,
242,380,1268,,2018_2019,all_months,both,avian_influenza,animal,43,11,,,,senegal,louga,,,,,
242,381,1269,,2018_2019,all_months,both,avian_influenza,animal,44,9,,,,senegal,saint_louis,,,,,
242,382,1270,,2018_2019,all_months,both,avian_influenza,animal,449,153,,,,senegal,thies,,,,,
247,383,1285,,2020,december,dry,avian_influenza,animal,3,3,,,isolate,senegal,thies,,,14.781388,-17.042222,
247,384,1286,,2021,january,dry,avian_influenza,animal,1,1,,,isolate,senegal,djoudj,,,16.352169,-16.277897,
232,385,,,2021,october,rainy,avian_influenza,human,53,34,,,,senegal,touba,,,14.86665102,-15.8981378,
352,386,1818,,2014,june,rainy,crimean_congo_haemorrhagic_fever,animal,12,10,,,,senegal,gankette,,,15.98072222,-15.9285,
352,387,1819,,2014,june,rainy,crimean_congo_haemorrhagic_fever,animal,6,1,,,,senegal,gankette,,,15.98072222,-15.9285,
352,388,1820,,2014,june,rainy,crimean_congo_haemorrhagic_fever,animal,3,2,,,,senegal,gankette,,,15.98072222,-15.9285,
352,389,1821,,2014,june,rainy,crimean_congo_haemorrhagic_fever,animal,4,2,,,,senegal,gankette,,,15.98072222,-15.9285,
352,390,1822,,2014,june,rainy,crimean_congo_haemorrhagic_fever,animal,51,10,,,,senegal,gankette,,,15.98072222,-15.9285,
352,391,1823,,2014,june,rainy,crimean_congo_haemorrhagic_fever,animal,1,0,,,,senegal,gankette,,,15.98072222,-15.9285,
352,392,1824,,2014,june,rainy,crimean_congo_haemorrhagic_fever,animal,30,18,,,,senegal,loboudou,,,15.95305,-15.919963,
352,393,1825,,2014,june,rainy,crimean_congo_haemorrhagic_fever,animal,2,0,,,,senegal,loboudou,,,15.95305,-15.919963,
352,394,1826,,2014,june,rainy,crimean_congo_haemorrhagic_fever,animal,5,0,,,,senegal,loboudou,,,15.95305,-15.919963,
352,395,1827,,2014,june,rainy,crimean_congo_haemorrhagic_fever,animal,7,3,,,,senegal,loboudou,,,15.95305,-15.919963,
352,396,1828,,2014,june,rainy,crimean_congo_haemorrhagic_fever,animal,12,1,,,,senegal,loboudou,,,15.95305,-15.919963,
352,397,1829,,2014,june,rainy,crimean_congo_haemorrhagic_fever,animal,16,1,,,,senegal,loboudou,,,15.95305,-15.919963,
352,398,1830,,2014,june,rainy,crimean_congo_haemorrhagic_fever,animal,22,17,,,,senegal,ndimb,,,16.049155,-16.002941,
352,399,1831,,2014,june,rainy,crimean_congo_haemorrhagic_fever,animal,21,4,,,,senegal,ndimb,,,16.049155,-16.002941,
352,400,1832,,2014,june,rainy,crimean_congo_haemorrhagic_fever,animal,3,0,,,,senegal,ndimb,,,16.049155,-16.002941,
352,401,1833,,2014,june,rainy,crimean_congo_haemorrhagic_fever,animal,3,3,,,,senegal,ndimb,,,16.049155,-16.002941,
352,402,1834,,2014,june,rainy,crimean_congo_haemorrhagic_fever,animal,73,19,,,,senegal,ndimb,,,16.049155,-16.002941,
352,403,1835,,2014,june,rainy,crimean_congo_haemorrhagic_fever,animal,12,1,,,,senegal,ndimb,,,16.049155,-16.002941,
