study_id,vector_id,associated_pathogen_id,associated_reservoir_id,year,month,season,genus,species,sample_size,sampling_method,country,location_name,topography,ecoregion,gps_latitude,gps_longitude,comment
2,1,,,1978,november,dry,aedes,furcifer_taylori,19,hand_catching,gambia,bansang,flood_plain,west_sudanian_savanna,13.4349958,-14.65198532,
2,2,,,1978,november,dry,aedes,vitattue,2,hand_catching,gambia,bansang,flood_plain,west_sudanian_savanna,13.4349958,-14.65198532,
2,3,,,1978,november,dry,culex,antennatus,5,hand_catching,gambia,bansang,flood_plain,west_sudanian_savanna,13.4349958,-14.65198532,
2,4,,,1978,november,dry,culex,poicilipes,3,hand_catching,gambia,bansang,flood_plain,west_sudanian_savanna,13.4349958,-14.65198532,
2,5,,,1978,november,dry,culex,neavei,3,hand_catching,gambia,bansang,flood_plain,west_sudanian_savanna,13.4349958,-14.65198532,
12,6,27,,2015,july_to_december,both,aedes,africanus,106,hand_catching,senegal,kedougou,highlands,west_sudanian_savanna,12.56142659,-12.17128667,
12,7,28,,2015,july_to_december,both,aedes,furcifer,2823,hand_catching,senegal,kedougou,highlands,west_sudanian_savanna,12.56142659,-12.17128667,
12,8,29,,2015,july_to_december,both,aedes,luteocephalus,1107,hand_catching,senegal,kedougou,highlands,west_sudanian_savanna,12.56142659,-12.17128667,
12,9,30,,2015,july_to_december,both,aedes,taylori,130,hand_catching,senegal,kedougou,highlands,west_sudanian_savanna,12.56142659,-12.17128667,
12,10,31,,2015,july_to_december,both,aedes,vittatus,2034,hand_catching,senegal,kedougou,highlands,west_sudanian_savanna,12.56142659,-12.17128667,
12,11,,,2015,july_to_december,both,aedes,aegypti,236,hand_catching,senegal,kedougou,highlands,west_sudanian_savanna,12.56142659,-12.17128667,
12,12,,,2015,july_to_december,both,aedes,dalzieli,2286,hand_catching,senegal,kedougou,highlands,west_sudanian_savanna,12.56142659,-12.17128667,
12,13,,,2015,july_to_december,both,aedes,metallicus,54,hand_catching,senegal,kedougou,highlands,west_sudanian_savanna,12.56142659,-12.17128667,
12,14,,,2015,july_to_december,both,aedes,vexans,0,hand_catching,senegal,kedougou,highlands,west_sudanian_savanna,12.56142659,-12.17128667,
12,15,,,2015,july_to_december,both,culex,neavei,13,hand_catching,senegal,kedougou,highlands,west_sudanian_savanna,12.56142659,-12.17128667,
12,16,,,2015,july_to_december,both,culex,poicilipes,30,hand_catching,senegal,kedougou,highlands,west_sudanian_savanna,12.56142659,-12.17128667,
12,17,,,2015,july_to_december,both,culex,antennatus,19,hand_catching,senegal,kedougou,highlands,west_sudanian_savanna,12.56142659,-12.17128667,
12,18,,,2015,july_to_december,both,culex,perfuscus,17,hand_catching,senegal,kedougou,highlands,west_sudanian_savanna,12.56142659,-12.17128667,
12,19,,,2015,july_to_december,both,culex,quinquefasciatus,98,hand_catching,senegal,kedougou,highlands,west_sudanian_savanna,12.56142659,-12.17128667,
12,20,,,2015,july_to_december,both,anopheles,coustani,422,hand_catching,senegal,kedougou,highlands,west_sudanian_savanna,12.56142659,-12.17128667,
12,21,,,2015,july_to_december,both,mansonia,africana,48,hand_catching,senegal,kedougou,highlands,west_sudanian_savanna,12.56142659,-12.17128667,
12,22,,,2015,july_to_december,both,mansonia,uniformis,182,hand_catching,senegal,kedougou,highlands,west_sudanian_savanna,12.56142659,-12.17128667,
17,23,34,7,2021,february,dry,hyalomma,marginatum_rufipes,12,manual_removal,senegal,agnam_civol,desert,sahelian_acacia_savanna,16.00817546,-13.68320371,
17,24,34,7,2021,february,dry,hyalomma,truncatum,37,manual_removal,senegal,agnam_civol,desert,sahelian_acacia_savanna,16.00817546,-13.68320371,
17,25,34,7,2021,february,dry,rhipicephalus,evertesi_evertesi,77,manual_removal,senegal,agnam_civol,desert,sahelian_acacia_savanna,16.00817546,-13.68320371,
17,26,34,7,2021,february,dry,rhipicephalus,muhsamae,108,manual_removal,senegal,agnam_civol,desert,sahelian_acacia_savanna,16.00817546,-13.68320371,
17,27,34,7,2021,february,dry,rhipicephalus,guilhoni,220,manual_removal,senegal,agnam_civol,desert,sahelian_acacia_savanna,16.00817546,-13.68320371,
17,28,34,7,2021,february,dry,hyalomma,impeltatum,1784,manual_removal,senegal,agnam_civol,desert,sahelian_acacia_savanna,16.00817546,-13.68320371,
21,29,,,2021,july,rainy,,multiple_tick_spp,1633,forcep_extraction,senegal,bandia,savanna,west_sudanian_savanna,14.62547031,-17.01797222,
21,30,,,2021,july,rainy,,multiple_tick_spp,485,forcep_extraction,senegal,haere_lao,desert,sahelian_acacia_savanna,16.4006331,-14.32384402,
21,31,,,2021,july,rainy,,multiple_tick_spp,233,forcep_extraction,senegal,kassack,desert,sahelian_acacia_savanna,16.39684535,-15.99074194,
21,32,,,2021,july,rainy,,multiple_tick_spp,1389,forcep_extraction,senegal,kolda,forest,guinean_forest_savanna_mosaic,12.90085667,-14.9436033,
21,33,,,2021,july,rainy,,multiple_tick_spp,291,forcep_extraction,senegal,nabadji,desert,sahelian_acacia_savanna,15.7378981,-13.3890316,
21,34,,,2021,july,rainy,,multiple_tick_spp,536,forcep_extraction,senegal,saint_louis,desert,sahelian_acacia_savanna,16.03270582,-16.48172816,
21,35,,,2021,july,rainy,,multiple_tick_spp,1351,forcep_extraction,senegal,tatki,desert,sahelian_acacia_savanna,16.23073385,-15.28236989,
21,36,,,2021,july,rainy,,multiple_tick_spp,217,forcep_extraction,senegal,tessekere,,sahelian_acacia_savanna,15.84134073,-14.97638397,
44,38,88,,1995,november,dry,aedes,aegypti,699,hand_catching,senegal,koungheul,,west_sudanian_savanna,13.9800968,-14.80110891,
44,39,89,,1995,november,dry,aedes,furficer,21,hand_catching,senegal,koungheul,,west_sudanian_savanna,13.9800968,-14.80110891,
44,40,90,,1995,november,dry,aedes,luteocephalus,1,hand_catching,senegal,koungheul,,west_sudanian_savanna,13.9800968,-14.80110891,
44,41,91,,1995,november,dry,aedes,metallicus,1,hand_catching,senegal,koungheul,,west_sudanian_savanna,13.9800968,-14.80110891,
44,42,92,,1995,november,dry,aedes,vittatus,5,hand_catching,senegal,koungheul,,west_sudanian_savanna,13.9800968,-14.80110891,
44,43,93,,1995,november,dry,aedes,fowleri,1,hand_catching,senegal,koungheul,,west_sudanian_savanna,13.9800968,-14.80110891,
44,44,94,,1995,november,dry,aedes,sudanensis,1,hand_catching,senegal,koungheul,,west_sudanian_savanna,13.9800968,-14.80110891,
44,45,95,,1995,november,dry,aedes,vexans,3,hand_catching,senegal,koungheul,,west_sudanian_savanna,13.9800968,-14.80110891,
60,46,,,1979,november,dry,aedes,aegypti,37,hand_catching,senegal,toubakouta,,guinean_forest_savanna_mosaic,13.78207683,-16.46960076,
60,47,,,1979,november,dry,aedes,luteocephalus,1,hand_catching,senegal,toubakouta,,guinean_forest_savanna_mosaic,13.78207683,-16.46960076,
60,48,,,1979,november,dry,aedes,furficer_taylori,6,hand_catching,senegal,toubakouta,,guinean_forest_savanna_mosaic,13.78207683,-16.46960076,
60,49,,,1979,november,dry,aedes,aegypti,1,hand_catching,senegal,karang,,guinean_forest_savanna_mosaic,13.60504976,-16.42610138,
60,50,,,1979,november,dry,aedes,aegypti,6,hand_catching,senegal,sokone,,guinean_forest_savanna_mosaic,13.8777746,-16.37268552,
60,51,,,1979,november,dry,aedes,luteocephalus,1,hand_catching,senegal,sokone,,guinean_forest_savanna_mosaic,13.8777746,-16.37268552,
60,52,,,1979,november,dry,aedes,aegypti,4,hand_catching,senegal,foundiougne,,guinean_forest_savanna_mosaic,14.12401404,-16.46707752,
70,53,,,1993,march,dry,glossina,morsitans,664,blue_box_traps,senegal,dankunku,,west_sudanian_savanna,13.57119537,-15.32619487,
72,54,,,2021_2022,all_months,both,hyalomma,impeltatum,1784,,senegal,idite,desert,sahelian_acacia_savanna,15.91783314,-13.71734984,
72,55,,,2021_2022,all_months,both,rhipicephalus,guilhoni,220,,senegal,idite,desert,sahelian_acacia_savanna,15.91783314,-13.71734984,
72,56,,,2021_2022,all_months,both,rhipicephalus,muhsamae,108,,senegal,idite,desert,sahelian_acacia_savanna,15.91783314,-13.71734984,
72,57,,,2021_2022,all_months,both,rhipicephalus,evertesi_evertesi,77,,senegal,idite,desert,sahelian_acacia_savanna,15.91783314,-13.71734984,
72,58,,,2021_2022,all_months,both,hyalomma,truncatum,37,,senegal,idite,desert,sahelian_acacia_savanna,15.91783314,-13.71734984,
72,59,,,2021_2022,all_months,both,hyalomma,marginatum_rufipes,12,,senegal,idite,desert,sahelian_acacia_savanna,15.91783314,-13.71734984,
76,60,,,2010,september,rainy,aedes,furcifer,708,,senegal,kedougou,highlands,west_sudanian_savanna,12.56022099,-12.17433629,
76,61,,,2010,october ,rainy,aedes,furcifer,1916,,senegal,kedougou,highlands,west_sudanian_savanna,12.56022099,-12.17433629,
76,62,,,2010,november,rainy,aedes,furcifer,269,,senegal,kedougou,highlands,west_sudanian_savanna,12.56022099,-12.17433629,
76,63,,,2010,september,rainy,aedes,luteocephalus,702,,senegal,kedougou,highlands,west_sudanian_savanna,12.56022099,-12.17433629,
76,64,,,2010,october ,rainy,aedes,luteocephalus,1148,,senegal,kedougou,highlands,west_sudanian_savanna,12.56022099,-12.17433629,
76,65,,,2010,november,rainy,aedes,luteocephalus,160,,senegal,kedougou,highlands,west_sudanian_savanna,12.56022099,-12.17433629,
76,66,,,2010,september,rainy,aedes,taylori,97,,senegal,kedougou,highlands,west_sudanian_savanna,12.56022099,-12.17433629,
76,67,,,2010,october ,rainy,aedes,taylori,172,,senegal,kedougou,highlands,west_sudanian_savanna,12.56022099,-12.17433629,
76,68,,,2010,november,rainy,aedes,taylori,261,,senegal,kedougou,highlands,west_sudanian_savanna,12.56022099,-12.17433629,
78,69,133,,1983,october ,rainy,aedes,dalzieli,1,,senegal,kedougou,highlands,west_sudanian_savanna,12.55539463,-12.18004146,
78,70,135,,1993,october ,rainy,aedes ,vexans,1,,senegal,barkedji,,sahelian_acacia_savanna,15.27755723,-14.86739345,
78,71,137,,1993,october ,rainy,aedes ,vexans,1,,senegal,barkedji,,sahelian_acacia_savanna,15.27755723,-14.86739345,
78,72,138,,1993,october ,rainy,aedes ,vexans,1,,senegal,barkedji,,sahelian_acacia_savanna,15.27755723,-14.86739345,
78,73,139,,1998,november,dry,culex,poicilipes,1,,senegal,diawara,,sahelian_acacia_savanna,15.01865142,-12.54385367,
78,74,140,,1998,november,dry,culex,poicilipes,1,,senegal,diawara,,sahelian_acacia_savanna,15.01865142,-12.54385367,
78,75,141,,1998,november,dry,culex,poicilipes,1,,senegal,diawara,,sahelian_acacia_savanna,15.01865142,-12.54385367,
78,76,142,,1998,november,dry,culex,poicilipes,1,,senegal,diawara,,sahelian_acacia_savanna,15.01865142,-12.54385367,
78,77,143,,2002,october,rainy,aedes ,vexans,1,,senegal,barkedji,,sahelian_acacia_savanna,15.27729708,-14.86687941,
78,78,144,,2002,november,dry,culex,poicilipes,1,,senegal,barkedji,,sahelian_acacia_savanna,15.27729708,-14.86687941,
78,79,145,,2002,november,dry,culex,poicilipes,1,,senegal,barkedji,,sahelian_acacia_savanna,15.27729708,-14.86687941,
78,80,146,,2002,november,dry,culex,poicilipes,1,,senegal,barkedji,,sahelian_acacia_savanna,15.27729708,-14.86687941,
78,81,147,,2003,october,rainy,culex,poicilipes,1,,senegal,barkedji,,sahelian_acacia_savanna,15.27729708,-14.86687941,
78,82,148,,2003,october,rainy,culex,poicilipes,1,,senegal,barkedji,,sahelian_acacia_savanna,15.27729708,-14.86687941,
78,83,149,,2003,october,rainy,mansonia,uniformis,1,,senegal,barkedji,,sahelian_acacia_savanna,15.27729708,-14.86687941,
78,84,150,,2003,november,dry,mansonia,africana,1,,senegal,barkedji,,sahelian_acacia_savanna,15.27729708,-14.86687941,
91,218,218,,2002,october,rainy,aedes,vexans,16631,co2_traps,senegal,barkedji,,sahelian_acacia_savanna,15.27760441,-14.86718932,
91,220,220,,2002,october,rainy,culex,poicilipes,3403,co2_traps,senegal,barkedji,,sahelian_acacia_savanna,15.27760441,-14.86718932,
91,221,221,,2002,november,dry,culex,poicilipes,17712,co2_traps,senegal,barkedji,,sahelian_acacia_savanna,15.27760441,-14.86718932,
91,222,222,,2002,october,rainy,mansonia,africana,429,co2_traps,senegal,barkedji,,sahelian_acacia_savanna,15.27760441,-14.86718932,
91,223,223,,2002,november,dry,mansonia,africana,3315,co2_traps,senegal,barkedji,,sahelian_acacia_savanna,15.27760441,-14.86718932,
91,224,224,,2002,october,rainy,mansonia,uniformis,1114,co2_traps,senegal,barkedji,,sahelian_acacia_savanna,15.27760441,-14.86718932,
91,226,226,,2003,october,rainy,aedes,fowleri,1,co2_traps,senegal,barkedji,,sahelian_acacia_savanna,15.27760441,-14.86718932,
91,228,228,,2003,october,rainy,aedes,vexans,102,co2_traps,senegal,barkedji,,sahelian_acacia_savanna,15.27760441,-14.86718932,
91,230,230,,2003,october,rainy,culex,poicilipes,2996,co2_traps,senegal,barkedji,,sahelian_acacia_savanna,15.27760441,-14.86718932,
91,231,231,,2003,november,dry,culex,poicilipes,2194,co2_traps,senegal,barkedji,,sahelian_acacia_savanna,15.27760441,-14.86718932,
91,232,232,,2003,october,rainy,mansonia,africana,625,co2_traps,senegal,barkedji,,sahelian_acacia_savanna,15.27760441,-14.86718932,
91,233,233,,2003,november,dry,mansonia,africana,443,co2_traps,senegal,barkedji,,sahelian_acacia_savanna,15.27760441,-14.86718932,
91,234,234,,2003,october,rainy,mansonia,uniformis,903,co2_traps,senegal,barkedji,,sahelian_acacia_savanna,15.27760441,-14.86718932,
91,235,235,,2003,november,dry,mansonia,uniformis,118,co2_traps,senegal,barkedji,,sahelian_acacia_savanna,15.27760441,-14.86718932,
101,236,,,1989,july,rainy,aedes,dalzieli,99,light_traps,senegal,yonofere,,sahelian_acacia_savanna,15.26905381,-14.4634345,
101,237,,,1990,december,dry,aedes,dalzieli,12,light_traps,senegal,yonofere,,sahelian_acacia_savanna,15.26905381,-14.4634345,
101,238,,,1989,july,rainy,aedes,fowleri,26,light_traps,senegal,yonofere,,sahelian_acacia_savanna,15.26905381,-14.4634345,
101,239,,,1990,december,dry,aedes,fowleri,0,light_traps,senegal,yonofere,,sahelian_acacia_savanna,15.26905381,-14.4634345,
101,240,,,1989,july,rainy,aedes,metallicus,1,light_traps,senegal,yonofere,,sahelian_acacia_savanna,15.26905381,-14.4634345,
101,241,,,1990,december,dry,aedes,metallicus,0,light_traps,senegal,yonofere,,sahelian_acacia_savanna,15.26905381,-14.4634345,
101,242,,,1989,july,rainy,aedes,sudanensis,19,light_traps,senegal,yonofere,,sahelian_acacia_savanna,15.26905381,-14.4634345,
101,243,,,1990,december,dry,aedes,sudanensis,4,light_traps,senegal,yonofere,,sahelian_acacia_savanna,15.26905381,-14.4634345,
101,244,,,1989,july,rainy,aedes,vexans,1391,light_traps,senegal,yonofere,,sahelian_acacia_savanna,15.26905381,-14.4634345,
101,245,,,1990,december,dry,aedes,vexans,550,light_traps,senegal,yonofere,,sahelian_acacia_savanna,15.26905381,-14.4634345,
101,246,,,1989,july,rainy,culex,antennatus,33,light_traps,senegal,yonofere,,sahelian_acacia_savanna,15.26905381,-14.4634345,
101,247,,,1990,december,dry,culex,antennatus,3,light_traps,senegal,yonofere,,sahelian_acacia_savanna,15.26905381,-14.4634345,
101,248,,,1989,july,rainy,culex,neavei,15,light_traps,senegal,yonofere,,sahelian_acacia_savanna,15.26905381,-14.4634345,
101,249,,,1990,december,dry,culex,neavei,13,light_traps,senegal,yonofere,,sahelian_acacia_savanna,15.26905381,-14.4634345,
101,250,,,1989,july,rainy,culex,poicilipes,56,light_traps,senegal,yonofere,,sahelian_acacia_savanna,15.26905381,-14.4634345,
101,251,,,1990,december,dry,culex,poicilipes,75,light_traps,senegal,yonofere,,sahelian_acacia_savanna,15.26905381,-14.4634345,
101,252,,,1989,july,rainy,culex,tritaeniorhynchus,33,light_traps,senegal,yonofere,,sahelian_acacia_savanna,15.26905381,-14.4634345,
101,253,,,1990,december,dry,culex,tritaeniorhynchus,19,light_traps,senegal,yonofere,,sahelian_acacia_savanna,15.26905381,-14.4634345,
101,254,,,1989,july,rainy,mansonia,africanus,4,light_traps,senegal,yonofere,,sahelian_acacia_savanna,15.26905381,-14.4634345,
101,255,,,1990,december,dry,mansonia,africanus,0,light_traps,senegal,yonofere,,sahelian_acacia_savanna,15.26905381,-14.4634345,
101,256,,,1989,july,rainy,mansonia,uniformis,6,light_traps,senegal,yonofere,,sahelian_acacia_savanna,15.26905381,-14.4634345,
101,257,,,1990,december,dry,mansonia,uniformis,8,light_traps,senegal,yonofere,,sahelian_acacia_savanna,15.26905381,-14.4634345,
116,258,311,,1993,july,rainy,aedes,furcifer,1908,human_bait,senegal,kedougou,,west_sudanian_savanna,12.56058881,-12.17042784,
116,259,312,,1993,october_to_november,both,aedes,furcifer,6912,human_bait,senegal,kedougou,,west_sudanian_savanna,12.56058881,-12.17042784,
116,260,313,,1993,july,rainy,aedes,taylori,267,human_bait,senegal,kedougou,,west_sudanian_savanna,12.56058881,-12.17042784,
116,261,314,,1993,october_to_november,both,aedes,taylori,1726,human_bait,senegal,kedougou,,west_sudanian_savanna,12.56058881,-12.17042784,
116,262,315,,1993,july,rainy,aedes,furcifer_taylori,13,human_bait,senegal,kedougou,,west_sudanian_savanna,12.56058881,-12.17042784,
116,263,316,,1993,july,rainy,aedes,luteocephalus,563,human_bait,senegal,kedougou,,west_sudanian_savanna,12.56058881,-12.17042784,
116,264,317,,1993,october_to_november,both,aedes,luteocephalus,1149,human_bait,senegal,kedougou,,west_sudanian_savanna,12.56058881,-12.17042784,
116,265,318,,1993,july,rainy,aedes,aegypti,25,human_bait,senegal,kedougou,,west_sudanian_savanna,12.56058881,-12.17042784,
116,266,319,,1993,october_to_november,both,aedes,aegypti,31,human_bait,senegal,kedougou,,west_sudanian_savanna,12.56058881,-12.17042784,
116,267,320,,1993,july,rainy,aedes,metallicus,1,human_bait,senegal,kedougou,,west_sudanian_savanna,12.56058881,-12.17042784,
116,268,321,,1993,october_to_november,both,aedes,metallicus,32,human_bait,senegal,kedougou,,west_sudanian_savanna,12.56058881,-12.17042784,
116,269,322,,1993,july,rainy,aedes,unilineatus,5,human_bait,senegal,kedougou,,west_sudanian_savanna,12.56058881,-12.17042784,
116,270,323,,1993,october_to_november,both,aedes,unilineatus,2,human_bait,senegal,kedougou,,west_sudanian_savanna,12.56058881,-12.17042784,
116,271,324,,1993,july,rainy,aedes,africanus,1,human_bait,senegal,kedougou,,west_sudanian_savanna,12.56058881,-12.17042784,
116,272,325,,1993,july,rainy,aedes,vitattus,940,human_bait,senegal,kedougou,,west_sudanian_savanna,12.56058881,-12.17042784,
116,273,326,,1993,october_to_november,both,aedes,vitattus,106,human_bait,senegal,kedougou,,west_sudanian_savanna,12.56058881,-12.17042784,
116,274,327,,1993,july,rainy,aedes,dalzieli,10,human_bait,senegal,kedougou,,west_sudanian_savanna,12.56058881,-12.17042784,
116,275,328,,1993,october_to_november,both,aedes,dalzieli,890,human_bait,senegal,kedougou,,west_sudanian_savanna,12.56058881,-12.17042784,
116,276,329,,1993,july,rainy,aedes,fowleri,55,human_bait,senegal,kedougou,,west_sudanian_savanna,12.56058881,-12.17042784,
116,277,330,,1993,october_to_november,both,aedes,fowleri,3,human_bait,senegal,kedougou,,west_sudanian_savanna,12.56058881,-12.17042784,
123,278,346,,2020,august,rainy,aedes,aegypti,661,bg_sentinel2,senegal,kedougou,,west_sudanian_savanna,12.56117526,-12.17360425,
123,279,347,,2020,august,rainy,aedes,africanus,92,bg_sentinel2,senegal,kedougou,,west_sudanian_savanna,12.56117526,-12.17360425,
123,280,348,,2020,august,rainy,aedes,furcifer,1025,bg_sentinel2,senegal,kedougou,,west_sudanian_savanna,12.56117526,-12.17360425,
123,281,349,,2020,august,rainy,aedes,luteocephalus,419,bg_sentinel2,senegal,kedougou,,west_sudanian_savanna,12.56117526,-12.17360425,
123,282,350,,2020,august,rainy,aedes,taylori,112,bg_sentinel2,senegal,kedougou,,west_sudanian_savanna,12.56117526,-12.17360425,
123,283,351,,2020,august,rainy,aedes,vittatus,495,bg_sentinel2,senegal,kedougou,,west_sudanian_savanna,12.56117526,-12.17360425,
123,284,352,,2020,september,rainy,aedes,aegypti,478,bg_sentinel2,senegal,kedougou,,west_sudanian_savanna,12.56117526,-12.17360425,
123,285,353,,2020,september,rainy,aedes,africanus,69,bg_sentinel2,senegal,kedougou,,west_sudanian_savanna,12.56117526,-12.17360425,
123,286,354,,2020,september,rainy,aedes,furcifer,515,bg_sentinel2,senegal,kedougou,,west_sudanian_savanna,12.56117526,-12.17360425,
123,287,355,,2020,september,rainy,aedes,luteocephalus,141,bg_sentinel2,senegal,kedougou,,west_sudanian_savanna,12.56117526,-12.17360425,
123,288,356,,2020,september,rainy,aedes,taylori,25,bg_sentinel2,senegal,kedougou,,west_sudanian_savanna,12.56117526,-12.17360425,
123,289,357,,2020,september,rainy,aedes,vittatus,339,bg_sentinel2,senegal,kedougou,,west_sudanian_savanna,12.56117526,-12.17360425,
123,290,358,,2020,november,dry,aedes,aegypti,19,bg_sentinel2,senegal,kidira,,west_sudanian_savanna,14.45823297,-12.2113512,
123,291,359,,2020,november,dry,aedes,africanus,0,bg_sentinel2,senegal,kidira,,west_sudanian_savanna,14.45823297,-12.2113512,
123,292,360,,2020,november,dry,aedes,furcifer,0,bg_sentinel2,senegal,kidira,,west_sudanian_savanna,14.45823297,-12.2113512,
123,293,361,,2020,november,dry,aedes,luteocephalus,0,bg_sentinel2,senegal,kidira,,west_sudanian_savanna,14.45823297,-12.2113512,
123,294,362,,2020,november,dry,aedes,taylori,0,bg_sentinel2,senegal,kidira,,west_sudanian_savanna,14.45823297,-12.2113512,
123,295,363,,2020,november,dry,aedes,vittatus,0,bg_sentinel2,senegal,kidira,,west_sudanian_savanna,14.45823297,-12.2113512,
124,296,,,1996,november,dry,aedes,aegypti,229,human_bait,senegal,dougounbene,,west_sudanian_savanna,14.13147133,-15.58473371,
124,297,,,1996,november,dry,aedes,luteocephalus,1,human_bait,senegal,dougounbene,,west_sudanian_savanna,14.13147133,-15.58473371,
124,298,,,1996,november,dry,aedes,metallicus,1,human_bait,senegal,dougounbene,,west_sudanian_savanna,14.13147133,-15.58473371,
141,299,,,1972,august_to_september,rainy,aedes,uniformis,1,,gambia,keneba,,,,,
141,300,,,1972,august_to_september,rainy,aedes,dalzieli,1,,gambia,keneba,,,,,
141,301,,,1972,august_to_september,rainy,aedes,fowleri,1,,gambia,keneba,,,,,
141,302,,,1972,august_to_september,rainy,aedes,metallicus,1,,gambia,keneba,,,,,
141,303,,,1972,august_to_september,rainy,culex,neavei,1,,gambia,keneba,,,,,
141,304,,,1972,august_to_september,rainy,culex,poicilipes,1,,gambia,keneba,,,,,
141,305,,,1972,august_to_september,rainy,culex,tritaeniorhynchus,1,,gambia,keneba,,,,,
141,306,,,1976,october,rainy,mansonia,africana,1,,gambia,keneba,,,,,
141,307,,,1976,october,rainy,mansonia,uniformis,1,,gambia,keneba,,,,,
141,308,,,1976,october,rainy,aedes,dalzieli,1,,gambia,keneba,,,,,
141,309,,,1976,october,rainy,aedes,fowleri,1,,gambia,keneba,,,,,
141,310,,,1976,october,rainy,aedes,metallicus,1,,gambia,keneba,,,,,
141,311,,,1976,october,rainy,culex,tritaeniorhynchus,1,,gambia,keneba,,,,,
146,312,,,2012,january,dry,argas,parsicus,1,,senegal,ndiop,,,,,
146,313,,,2004,may,dry,rhipicephalus,sp.,1,,senegal,kossanto,,,,,
146,314,,,2008,january,dry,rhipicephalus,sp.,1,,senegal,raouna_djidere,,,,,
146,315,,,2008,march,dry,rhipicephalus,sp.,1,,senegal,mballo_counda_woudou,,,,,
146,316,,,2008,march,dry,rhipicephalus,sp.,1,,senegal,djiro_mantoro,,,,,
146,317,,,2008,march,dry,rhipicephalus,sp.,1,,senegal,abene,,,,,
167,318,,,1991,august_to_november,both,ambylomma,variegatum,356,,gambia,kerr_serign,,,,,
167,319,,,1991,august_to_november,both,hyalomma,sp.,64,,gambia,kerr_serign,,,,,
175,320,,,1993,all_months,both,reticulinasus,camicasi,1,,senegal,dakar,,,,,
175,321,,,1993,all_months,both,reticulinasus,camicasi,1,,senegal,bandia,,,,,
175,322,,,1993,all_months,both,reticulinasus,camicasi,1,,senegal,saboya,,,,,
175,323,,,1993,all_months,both,reticulinasus,camicasi,1,,senegal,salemata,,,,,
175,324,,,1993,all_months,both,reticulinasus,camicasi,1,,senegal,etiolo,,,,,
175,325,,,1993,all_months,both,reticulinasus,camicasi,1,,senegal,kedougou,,,,,
193,326,,,1995_1996,all_months,both,ambylomma,variegatum,5713,,gambia,keneba,,,,,
193,327,,,1995_1996,all_months,both,rhipicephalus,senegalensis,2475,,gambia,keneba,,,,,
193,328,,,1995_1996,all_months,both,hyalomma,truncatum,651,,gambia,keneba,,,,,
193,329,,,1995_1996,all_months,both,hyalomma,marginatum_rufipes,210,,gambia,keneba,,,,,
193,330,,,1995_1996,all_months,both,boophilus,decoloratus,50,,gambia,keneba,,,,,
193,331,,,1995_1996,all_months,both,boophilus,geigyi,20,,gambia,keneba,,,,,
210,332,,,2002,november,dry,aedes,vexans,7138,,senegal,barkedji,,,,,
210,333,,,2002,november,dry,aedes,sudanensis,156,,senegal,barkedji,,,,,
210,334,,,2002,november,dry,aedes,fowleri,60,,senegal,barkedji,,,,,
210,335,,,2002,november,dry,culex,poicilipes,242,,senegal,barkedji,,,,,
210,336,,,2002,november,dry,culex,sp.,56,,senegal,barkedji,,,,,
210,337,,,2002,november,dry,aedes,sp.,2,,senegal,barkedji,,,,,
219,338,,1497,2007,all_months,both,ambylomma,variegatum,40,,gambia,kerr_serign,,,,,
219,339,,1498,2007,all_months,both,ambylomma,variegatum,42,,gambia,giboro_kuta,,,,,
219,340,,1499,2007,all_months,both,ambylomma,variegatum,50,,gambia,tumani_tenda,,,,,
219,341,,1500,2007,all_months,both,ambylomma,variegatum,38,,gambia,mandinaba,,,,,
219,342,,1501,2007,all_months,both,ambylomma,variegatum,55,,gambia,brefet,,,,,
219,343,,1502,2007,all_months,both,ambylomma,variegatum,46,,gambia,keneba,,,,,
219,344,,1503,2007,all_months,both,ambylomma,variegatum,50,,gambia,burong,,,,,
219,345,,1504,2007,all_months,both,ambylomma,variegatum,40,,gambia,kollikunda,,,,,
219,346,,1505,2007,all_months,both,ambylomma,variegatum,35,,gambia,mbappa_ba,,,,,
219,347,,1506,2007,all_months,both,ambylomma,variegatum,30,,gambia,mbappa_mariga,,,,,
219,348,,1507,2007,all_months,both,ambylomma,variegatum,40,,gambia,yorro_beri_kunda,,,,,
219,349,,1508,2007,all_months,both,ambylomma,variegatum,25,,gambia,sare_sofi,,,,,
219,350,,1509,2007,all_months,both,ambylomma,variegatum,25,,gambia,mamud_fana,,,,,
219,351,,1510,2007,all_months,both,ambylomma,variegatum,42,,gambia,jimballa_kerr_malick,,,,,
219,352,,1511,2007,all_months,both,ambylomma,variegatum,50,,gambia,kulkullay,,,,,
219,353,,1512,2007,all_months,both,ambylomma,variegatum,50,,gambia,sare_demba_torro,,,,,
446,354,,,2014,july_to_november,rainy,aedes,aegypti,0,,senegal,diama,,,16.2115,-16.392113,
446,355,,,2014,july_to_november,rainy,aedes,fowleri,0,,senegal,diama,,,16.2115,-16.392113,
446,356,,,2014,july_to_november,rainy,aedes,sudanensis,0,,senegal,diama,,,16.2115,-16.392113,
446,357,,,2014,july_to_november,rainy,aedes,sp.,0,,senegal,diama,,,16.2115,-16.392113,
446,358,,,2014,july_to_november,rainy,aedes,vexans_arabiensis,0,,senegal,diama,,,16.2115,-16.392113,
446,359,,,2014,july_to_november,rainy,culex,antennatus,68,,senegal,diama,,,16.2115,-16.392113,
446,360,,,2014,july_to_november,rainy,culex,neavei,70,,senegal,diama,,,16.2115,-16.392113,
446,361,,,2014,july_to_november,rainy,culex,perfuscus,362,,senegal,diama,,,16.2115,-16.392113,
446,362,,,2014,july_to_november,rainy,culex,poicilipes,120,,senegal,diama,,,16.2115,-16.392113,
446,363,,,2014,july_to_november,rainy,culex,quinquefasciatus,43,,senegal,diama,,,16.2115,-16.392113,
446,364,,,2014,july_to_november,rainy,culex,tritaeniorhynchus,29400,,senegal,diama,,,16.2115,-16.392113,
446,365,,,2014,july_to_november,rainy,mansonia,uniformis,16495,,senegal,diama,,,16.2115,-16.392113,
446,366,,,2014,july_to_november,rainy,aedes,aegypti,0,,senegal,dande_mayo_loboudou,,,15.947701,-15.939505,
446,367,,,2014,july_to_november,rainy,aedes,fowleri,0,,senegal,dande_mayo_loboudou,,,15.947701,-15.939505,
446,368,,,2014,july_to_november,rainy,aedes,sudanensis,0,,senegal,dande_mayo_loboudou,,,15.947701,-15.939505,
446,369,,,2014,july_to_november,rainy,aedes,sp.,0,,senegal,dande_mayo_loboudou,,,15.947701,-15.939505,
446,370,,,2014,july_to_november,rainy,aedes,vexans_arabiensis,0,,senegal,dande_mayo_loboudou,,,15.947701,-15.939505,
446,371,,,2014,july_to_november,rainy,culex,antennatus,748,,senegal,dande_mayo_loboudou,,,15.947701,-15.939505,
446,372,,,2014,july_to_november,rainy,culex,neavei,2152,,senegal,dande_mayo_loboudou,,,15.947701,-15.939505,
446,373,,,2014,july_to_november,rainy,culex,perfuscus,0,,senegal,dande_mayo_loboudou,,,15.947701,-15.939505,
446,374,,,2014,july_to_november,rainy,culex,poicilipes,791,,senegal,dande_mayo_loboudou,,,15.947701,-15.939505,
446,375,,,2014,july_to_november,rainy,culex,quinquefasciatus,254,,senegal,dande_mayo_loboudou,,,15.947701,-15.939505,
446,376,,,2014,july_to_november,rainy,culex,tritaeniorhynchus,37580,,senegal,dande_mayo_loboudou,,,15.947701,-15.939505,
446,377,,,2014,july_to_november,rainy,mansonia,uniformis,28299,,senegal,dande_mayo_loboudou,,,15.947701,-15.939505,
446,378,,,2014,july_to_november,rainy,aedes,aegypti,9,,senegal,diaby,,,15.288365,-14.485538,
446,379,,,2014,july_to_november,rainy,aedes,fowleri,1,,senegal,diaby,,,15.288365,-14.485538,
446,380,,,2014,july_to_november,rainy,aedes,sudanensis,140,,senegal,diaby,,,15.288365,-14.485538,
446,381,,,2014,july_to_november,rainy,aedes,sp.,1,,senegal,diaby,,,15.288365,-14.485538,
446,382,,,2014,july_to_november,rainy,aedes,vexans_arabiensis,86653,,senegal,diaby,,,15.288365,-14.485538,
446,383,,,2014,july_to_november,rainy,culex,antennatus,15,,senegal,diaby,,,15.288365,-14.485538,
446,384,,,2014,july_to_november,rainy,culex,neavei,2,,senegal,diaby,,,15.288365,-14.485538,
446,385,,,2014,july_to_november,rainy,culex,perfuscus,0,,senegal,diaby,,,15.288365,-14.485538,
446,386,,,2014,july_to_november,rainy,culex,poicilipes,18,,senegal,diaby,,,15.288365,-14.485538,
446,387,,,2014,july_to_november,rainy,culex,quinquefasciatus,0,,senegal,diaby,,,15.288365,-14.485538,
446,388,,,2014,july_to_november,rainy,culex,tritaeniorhynchus,165,,senegal,diaby,,,15.288365,-14.485538,
446,389,,,2014,july_to_november,rainy,mansonia,uniformis,2,,senegal,diaby,,,15.288365,-14.485538,
446,390,,,2014,july_to_november,rainy,aedes,aegypti,10,,senegal,demba_djidou,,,15.281546,-14.451333,
446,391,,,2014,july_to_november,rainy,aedes,fowleri,0,,senegal,demba_djidou,,,15.281546,-14.451333,
446,392,,,2014,july_to_november,rainy,aedes,sudanensis,52,,senegal,demba_djidou,,,15.281546,-14.451333,
446,393,,,2014,july_to_november,rainy,aedes,sp.,16,,senegal,demba_djidou,,,15.281546,-14.451333,
446,394,,,2014,july_to_november,rainy,aedes,vexans_arabiensis,15164,,senegal,demba_djidou,,,15.281546,-14.451333,
446,395,,,2014,july_to_november,rainy,culex,antennatus,0,,senegal,demba_djidou,,,15.281546,-14.451333,
446,396,,,2014,july_to_november,rainy,culex,neavei,q0,,senegal,demba_djidou,,,15.281546,-14.451333,
446,397,,,2014,july_to_november,rainy,culex,perfuscus,0,,senegal,demba_djidou,,,15.281546,-14.451333,
446,398,,,2014,july_to_november,rainy,culex,poicilipes,46,,senegal,demba_djidou,,,15.281546,-14.451333,
446,399,,,2014,july_to_november,rainy,culex,quinquefasciatus,3,,senegal,demba_djidou,,,15.281546,-14.451333,
446,400,,,2014,july_to_november,rainy,culex,tritaeniorhynchus,22,,senegal,demba_djidou,,,15.281546,-14.451333,
446,401,,,2014,july_to_november,rainy,mansonia,uniformis,2,,senegal,demba_djidou,,,15.281546,-14.451333,
446,402,,,2014,july_to_november,rainy,aedes,aegypti,1,,senegal,nacara,,,15.223089,-14.438562,
446,403,,,2014,july_to_november,rainy,aedes,fowleri,0,,senegal,nacara,,,15.223089,-14.438562,
446,404,,,2014,july_to_november,rainy,aedes,sudanensis,11,,senegal,nacara,,,15.223089,-14.438562,
446,405,,,2014,july_to_november,rainy,aedes,sp.,9,,senegal,nacara,,,15.223089,-14.438562,
446,406,,,2014,july_to_november,rainy,aedes,vexans_arabiensis,3535,,senegal,nacara,,,15.223089,-14.438562,
446,407,,,2014,july_to_november,rainy,culex,antennatus,0,,senegal,nacara,,,15.223089,-14.438562,
446,408,,,2014,july_to_november,rainy,culex,neavei,9,,senegal,nacara,,,15.223089,-14.438562,
446,409,,,2014,july_to_november,rainy,culex,perfuscus,0,,senegal,nacara,,,15.223089,-14.438562,
446,410,,,2014,july_to_november,rainy,culex,poicilipes,115,,senegal,nacara,,,15.223089,-14.438562,
446,411,,,2014,july_to_november,rainy,culex,quinquefasciatus,0,,senegal,nacara,,,15.223089,-14.438562,
446,412,,,2014,july_to_november,rainy,culex,tritaeniorhynchus,31,,senegal,nacara,,,15.223089,-14.438562,
446,413,,,2014,july_to_november,rainy,mansonia,uniformis,0,,senegal,nacara,,,15.223089,-14.438562,
446,414,,,2015,july_to_november,rainy,aedes,aegypti,1,,senegal,diama,,,16.2115,-16.392113,
446,415,,,2015,july_to_november,rainy,aedes,fowleri,0,,senegal,diama,,,16.2115,-16.392113,
446,416,,,2015,july_to_november,rainy,aedes,sudanensis,2,,senegal,diama,,,16.2115,-16.392113,
446,417,,,2015,july_to_november,rainy,aedes,sp.,0,,senegal,diama,,,16.2115,-16.392113,
446,418,,,2015,july_to_november,rainy,aedes,vexans_arabiensis,9,,senegal,diama,,,16.2115,-16.392113,
446,419,,,2015,july_to_november,rainy,culex,antennatus,2334,,senegal,diama,,,16.2115,-16.392113,
446,420,,,2015,july_to_november,rainy,culex,neavei,6,,senegal,diama,,,16.2115,-16.392113,
446,421,,,2015,july_to_november,rainy,culex,perfuscus,439,,senegal,diama,,,16.2115,-16.392113,
446,422,,,2015,july_to_november,rainy,culex,poicilipes,581,,senegal,diama,,,16.2115,-16.392113,
446,423,,,2015,july_to_november,rainy,culex,quinquefasciatus,31,,senegal,diama,,,16.2115,-16.392113,
446,424,,,2015,july_to_november,rainy,culex,tritaeniorhynchus,40080,,senegal,diama,,,16.2115,-16.392113,
446,425,,,2015,july_to_november,rainy,mansonia,uniformis,27754,,senegal,diama,,,16.2115,-16.392113,
446,426,,,2015,july_to_november,rainy,aedes,aegypti,1,,senegal,dande_mayo_loboudou,,,15.947701,-15.939505,
446,427,,,2015,july_to_november,rainy,aedes,fowleri,0,,senegal,dande_mayo_loboudou,,,15.947701,-15.939505,
446,428,,,2015,july_to_november,rainy,aedes,sudanensis,2,,senegal,dande_mayo_loboudou,,,15.947701,-15.939505,
446,429,,,2015,july_to_november,rainy,aedes,sp.,0,,senegal,dande_mayo_loboudou,,,15.947701,-15.939505,
446,430,,,2015,july_to_november,rainy,aedes,vexans_arabiensis,30,,senegal,dande_mayo_loboudou,,,15.947701,-15.939505,
446,431,,,2015,july_to_november,rainy,culex,antennatus,915,,senegal,dande_mayo_loboudou,,,15.947701,-15.939505,
446,432,,,2015,july_to_november,rainy,culex,neavei,25,,senegal,dande_mayo_loboudou,,,15.947701,-15.939505,
446,433,,,2015,july_to_november,rainy,culex,perfuscus,0,,senegal,dande_mayo_loboudou,,,15.947701,-15.939505,
446,434,,,2015,july_to_november,rainy,culex,poicilipes,386,,senegal,dande_mayo_loboudou,,,15.947701,-15.939505,
446,435,,,2015,july_to_november,rainy,culex,quinquefasciatus,27,,senegal,dande_mayo_loboudou,,,15.947701,-15.939505,
446,436,,,2015,july_to_november,rainy,culex,tritaeniorhynchus,10341,,senegal,dande_mayo_loboudou,,,15.947701,-15.939505,
446,437,,,2015,july_to_november,rainy,mansonia,uniformis,14302,,senegal,dande_mayo_loboudou,,,15.947701,-15.939505,
446,438,,,2015,july_to_november,rainy,aedes,aegypti,7,,senegal,diaby,,,15.288365,-14.485538,
446,439,,,2015,july_to_november,rainy,aedes,fowleri,0,,senegal,diaby,,,15.288365,-14.485538,
446,440,,,2015,july_to_november,rainy,aedes,sudanensis,63,,senegal,diaby,,,15.288365,-14.485538,
446,441,,,2015,july_to_november,rainy,aedes,sp.,0,,senegal,diaby,,,15.288365,-14.485538,
446,442,,,2015,july_to_november,rainy,aedes,vexans_arabiensis,3720,,senegal,diaby,,,15.288365,-14.485538,
446,443,,,2015,july_to_november,rainy,culex,antennatus,8,,senegal,diaby,,,15.288365,-14.485538,
446,444,,,2015,july_to_november,rainy,culex,neavei,0,,senegal,diaby,,,15.288365,-14.485538,
446,445,,,2015,july_to_november,rainy,culex,perfuscus,0,,senegal,diaby,,,15.288365,-14.485538,
446,446,,,2015,july_to_november,rainy,culex,poicilipes,50,,senegal,diaby,,,15.288365,-14.485538,
446,447,,,2015,july_to_november,rainy,culex,quinquefasciatus,4,,senegal,diaby,,,15.288365,-14.485538,
446,448,,,2015,july_to_november,rainy,culex,tritaeniorhynchus,13,,senegal,diaby,,,15.288365,-14.485538,
446,449,,,2015,july_to_november,rainy,mansonia,uniformis,2,,senegal,diaby,,,15.288365,-14.485538,
446,450,,,2015,july_to_november,rainy,aedes,aegypti,6,,senegal,demba_djidou,,,15.281546,-14.451333,
446,451,,,2015,july_to_november,rainy,aedes,fowleri,15,,senegal,demba_djidou,,,15.281546,-14.451333,
446,452,,,2015,july_to_november,rainy,aedes,sudanensis,50,,senegal,demba_djidou,,,15.281546,-14.451333,
446,453,,,2015,july_to_november,rainy,aedes,sp.,51,,senegal,demba_djidou,,,15.281546,-14.451333,
446,454,,,2015,july_to_november,rainy,aedes,vexans_arabiensis,2512,,senegal,demba_djidou,,,15.281546,-14.451333,
446,455,,,2015,july_to_november,rainy,culex,antennatus,1,,senegal,demba_djidou,,,15.281546,-14.451333,
446,456,,,2015,july_to_november,rainy,culex,neavei,0,,senegal,demba_djidou,,,15.281546,-14.451333,
446,457,,,2015,july_to_november,rainy,culex,perfuscus,0,,senegal,demba_djidou,,,15.281546,-14.451333,
446,458,,,2015,july_to_november,rainy,culex,poicilipes,1,,senegal,demba_djidou,,,15.281546,-14.451333,
446,459,,,2015,july_to_november,rainy,culex,quinquefasciatus,2,,senegal,demba_djidou,,,15.281546,-14.451333,
446,460,,,2015,july_to_november,rainy,culex,tritaeniorhynchus,54,,senegal,demba_djidou,,,15.281546,-14.451333,
446,461,,,2015,july_to_november,rainy,mansonia,uniformis,0,,senegal,demba_djidou,,,15.281546,-14.451333,
446,462,,,2015,july_to_november,rainy,aedes,aegypti,0,,senegal,nacara,,,15.223089,-14.438562,
446,463,,,2015,july_to_november,rainy,aedes,fowleri,0,,senegal,nacara,,,15.223089,-14.438562,
446,464,,,2015,july_to_november,rainy,aedes,sudanensis,10,,senegal,nacara,,,15.223089,-14.438562,
446,465,,,2015,july_to_november,rainy,aedes,sp.,1,,senegal,nacara,,,15.223089,-14.438562,
446,466,,,2015,july_to_november,rainy,aedes,vexans_arabiensis,582,,senegal,nacara,,,15.223089,-14.438562,
446,467,,,2015,july_to_november,rainy,culex,antennatus,1,,senegal,nacara,,,15.223089,-14.438562,
446,468,,,2015,july_to_november,rainy,culex,neavei,3,,senegal,nacara,,,15.223089,-14.438562,
446,469,,,2015,july_to_november,rainy,culex,perfuscus,0,,senegal,nacara,,,15.223089,-14.438562,
446,470,,,2015,july_to_november,rainy,culex,poicilipes,56,,senegal,nacara,,,15.223089,-14.438562,
446,471,,,2015,july_to_november,rainy,culex,quinquefasciatus,0,,senegal,nacara,,,15.223089,-14.438562,
446,472,,,2015,july_to_november,rainy,culex,tritaeniorhynchus,24,,senegal,nacara,,,15.223089,-14.438562,
446,473,,,2015,july_to_november,rainy,mansonia,uniformis,0,,senegal,nacara,,,15.223089,-14.438562,
536,474,,,2013,june,rainy,rhipicephalus,evertesi_evertesi,48,,senegal,keur_momar_sarr,,,15.91668,-15.966675,
536,475,,,2014,june,rainy,rhipicephalus,evertesi_evertesi,124,,senegal,keur_momar_sarr,,,15.91668,-15.966675,
536,476,,,2014,june,rainy,hyalomma,rufipes,17,,senegal,keur_momar_sarr,,,15.91668,-15.966675,
536,477,,,2014,june,rainy,hyalomma,impeltatum,10,,senegal,keur_momar_sarr,,,15.91668,-15.966675,
536,478,,,2014,june,rainy,rhipicephalus,bursa,3,,senegal,keur_momar_sarr,,,15.91668,-15.966675,
536,479,,,2014,june,rainy,rhipicephalus,muhsamae,2,,senegal,keur_momar_sarr,,,15.91668,-15.966675,
568,480,,,2012,all_months,rainy,aedes,aegypti,1,,senegal,dakar,,,,,
568,481,,,2012,all_months,rainy,aedes,aegypti,1,,senegal,kedougou,,,,,
568,482,,,2012,all_months,rainy,aedes,vittatus,1,,senegal,kedougou,,,,,
568,483,,,2012,all_months,rainy,aedes,luteocephalus,1,,senegal,kedougou,,,,,
576,484,,,2018,august_to_november,both,aedes,aegypti,682,,senegal,kedougou,,,,,
576,485,,,2018,august_to_november,both,aedes,furcifer,1,,senegal,kedougou,,,,,
576,486,,,2018,august_to_november,both,aedes,luteocephalus,2,,senegal,kedougou,,,,,
576,487,,,2018,august_to_november,both,aedes,vittatus,15,,senegal,kedougou,,,,,
576,488,,,2018,august_to_november,both,culex,neavei,2,,senegal,kedougou,,,,,
576,489,,,2018,august_to_november,both,culex,perfuscus,40,,senegal,kedougou,,,,,
576,490,,,2018,august_to_november,both,culex,quinquefasciatus,446,,senegal,kedougou,,,,,
576,491,,,2018,august_to_november,both,mansonia,uniformis,1,,senegal,kedougou,,,,,
625,492,,,2002_2003,august_to_january,both,aedes,aegypti,166,,senegal,barkedji,,,,,
625,493,,,2002_2003,august_to_january,both,aedes,aegypti,97,,senegal,dakar,,,,,
625,494,,,2002_2003,august_to_january,both,aedes,aegypti,63,,senegal,ngoye,,,,,
625,495,,,2002_2003,august_to_january,both,aedes,aegypti,67,,senegal,ndougoubene,,,,,
625,496,,,2002_2003,august_to_january,both,aedes,aegypti,56,,senegal,kedougou,,,,,
625,497,,,2002_2003,august_to_january,both,aedes,aegypti,148,,senegal,darou_koung_koung,,,,,
512,498,,,2009,september,rainy,aedes,luteocephalus,72,,senegal,ndebou_forest,,,12.4980072,-12.3153303,
512,499,,,2009,september,rainy,aedes,luteocephalus,51,,senegal,tenkoto_forest,,,12.66002685,-12.2725947,
512,500,,,2009,september,rainy,aedes,luteocephalus,2,,senegal,ngari_savanna,,,12.63167961,-12.25041582,
512,501,,,2009,october,rainy,aedes,furcifer,56,,senegal,baraboye_barren,,,12.60732399,-12.35665163,
512,502,,,2009,october,rainy,aedes,furcifer,38,,senegal,ndebou,,,12.4980072,-12.3153303,
512,503,,,2009,october,rainy,aedes,taylori,27,,senegal,tenkoto_forest,,,12.66002685,-12.2725947,
512,504,,,2009,october,rainy,aedes,africanus,10,,senegal,bandafassi_forest,,,12.52689121,-12.29415361,
512,505,,,2009,october,rainy,aedes,furcifer,138,,senegal,ngari,,,12.62344339,-12.24367811,
512,506,,,2009,october,rainy,aedes,luteocephalus,89,,senegal,ngari,,,12.62344339,-12.24367811,
512,507,,,2009,october,rainy,aedes,aegypti,2,,senegal,velinngara_forest,,,12.47868658,-12.10118272,
512,508,,,2009,october,rainy,aedes,africanus,8,,senegal,velinngara_forest,,,12.47868658,-12.10118272,
512,509,,,2009,october,rainy,aedes,furcifer,2013,,senegal,ngari,,,12.63369101,-12.24972725,
512,510,,,2009,october,rainy,aedes,furcifer,29,,senegal,velinngara,,,12.46090135,-12.062042,
512,511,,,2009,november,dry,aedes,dalzieli,57,,senegal,tenkoto_agriculture,,,12.69074739,-12.28392012,
512,512,,,2009,november,dry,aedes,furcifer,26,,senegal,tenkoto_agriculture,,,12.69074739,-12.28392012,
512,513,,,2009,november,dry,aedes,furcifer,14,,senegal,tenkoto_forest,,,12.66002685,-12.2725947,
512,514,,,2009,november,dry,aedes,taylori,27,,senegal,tenkoto_forest,,,12.66002685,-12.2725947,
512,515,,,2009,november,dry,aedes,dalzieli,66,,senegal,tenkoto_savanna,,,12.65331125,-12.26894117,
512,516,,,2009,november,dry,aedes,metallicus,2,,senegal,tenkoto_savanna,,,12.65331125,-12.26894117,
512,517,,,2009,november,dry,aedes,furcifer,2,,senegal,ngari_agriculture,,,12.61142529,-12.24026891,
512,518,,,2009,november,dry,aedes,furcifer,16,,senegal,ngari_barren,,,12.62212806,-12.23951785,
512,519,,,2009,november,dry,aedes,furcifer,69,,senegal,ngari,,,12.62344339,-12.24367811,
512,520,,,2009,november,dry,aedes,taylori,41,,senegal,ngari,,,12.62344339,-12.24367811,
512,521,,,2009,december,dry,aedes,dalzieli,6,,senegal,ndebou_forest,,,12.50419827,-12.37652391,
512,522,,,2009,december,dry,aedes,furcifer,12,,senegal,ndebou_forest,,,12.50419827,-12.37652391,
512,523,,,2009,december,dry,aedes,luteocephalus,3,,senegal,ndebou_forest,,,12.50419827,-12.37652391,
512,524,,,2009,december,dry,aedes,taylori,6,,senegal,ndebou_forest,,,12.50419827,-12.37652391,
512,525,,,2009,december,dry,aedes,dalzieli,3,,senegal,baraboye_forest,,,12.67649679,-12.42371109,
512,526,,,2009,december,dry,aedes,furcifer,1,,senegal,baraboye,,,12.68599933,-12.41116303,
512,527,,,2009,december,dry,aedes,taylori,1,,senegal,tenkoto_agriculture,,,12.69074739,-12.28392012,
512,528,,,2009,december,dry,mansonia,uniformis,3,,senegal,ngari_barren,,,12.62212806,-12.23951785,
512,529,,,2009,december,dry,culex,poicilipes,3,,senegal,ngari_savanna,,,12.62344339,-12.24367811,
512,530,,,2009,december,dry,aedes,furcifer,3,,senegal,ngari,,,12.63369101,-12.24972725,
457,531,,,2013,september_to_december,both,culex,antennatus,48,,senegal,barkedji,,,,,
457,532,,,2013,september_to_december,both,culex,neavei,814,,senegal,barkedji,,,,,
457,533,,,2013,september_to_december,both,culex,perfuscus,125,,senegal,barkedji,,,,,
457,534,,,2013,september_to_december,both,culex,poicilipes,1681,,senegal,barkedji,,,,,
457,535,,,2013,september_to_december,both,culex,tritaeniorhynchus,39,,senegal,barkedji,,,,,
457,536,,,2013,september_to_december,both,mansonia,africanus,15,,senegal,barkedji,,,,,
457,537,,,2013,september_to_december,both,mansonia,uniformis,331,,senegal,barkedji,,,,,
457,538,,,2013,september_to_december,both,culex,antennatus,610,,senegal,djoudj_national_bird_sanctuary,,,,,
457,539,,,2013,september_to_december,both,culex,neavei,40,,senegal,djoudj_national_bird_sanctuary,,,,,
457,540,,,2013,september_to_december,both,culex,perfuscus,260,,senegal,djoudj_national_bird_sanctuary,,,,,
457,541,,,2013,september_to_december,both,culex,poicilipes,989,,senegal,djoudj_national_bird_sanctuary,,,,,
457,542,,,2013,september_to_december,both,culex,tritaeniorhynchus,1128,,senegal,djoudj_national_bird_sanctuary,,,,,
457,543,,,2013,september_to_december,both,mansonia,africanus,223,,senegal,djoudj_national_bird_sanctuary,,,,,
457,544,,,2013,september_to_december,both,mansonia,uniformis,4911,,senegal,djoudj_national_bird_sanctuary,,,,,
457,545,,,2013,september_to_december,both,culex,antennatus,69,,senegal,kedougou,,,,,
457,546,,,2013,september_to_december,both,culex,neavei,46,,senegal,kedougou,,,,,
457,547,,,2013,september_to_december,both,culex,perfuscus,452,,senegal,kedougou,,,,,
457,548,,,2013,september_to_december,both,culex,poicilipes,189,,senegal,kedougou,,,,,
457,549,,,2013,september_to_december,both,mansonia,africanus,46,,senegal,kedougou,,,,,
457,550,,,2013,september_to_december,both,mansonia,uniformis,1574,,senegal,kedougou,,,,,
623,551,,,2010,august,rainy,aedes,aegypti,58,,senegal,fatick,,,14.339303,-16.41078,
623,552,,,2011,september,rainy,aedes,aegypti,74,,senegal,bignona,,,12.801706,-16.227176,
623,553,,,2010,october,rainy,aedes,aegypti,90,,senegal,richard_toll,,,16.465031,-15.683831,
623,554,,,2010,october,rainy,aedes,aegypti,78,,senegal,goudiri,,,14.183956,-12.715913,
623,555,,,2011,september,rainy,aedes,aegypti,82,,senegal,kedougou,,,12.558174,-12.188619,
623,556,,,2011,september,rainy,aedes,aegypti,87,,senegal,pk10,,,12.612535,-12.247555,
623,557,,,2010,august,rainy,aedes,aegypti,90,,senegal,mont_rolland,,,14.921693,-16.993707,
623,558,,,2010,october,rainy,aedes,aegypti,88,,senegal,rufisque,,,14.715785,-17.270833,
539,559,,,2018,july_to_september,rainy,aedes,aegypti,300,,senegal,kedougou,,,12.562594,-12.175522,
539,560,,,2018,july_to_september,rainy,aedes,aegypti,300,,senegal,pk10,,,12.611942,-12.246339,
539,561,,,2018,july_to_september,rainy,aedes,aegypti,300,,senegal,tambacounda,,,14.164659,-14.085821,
539,562,,,2018,july_to_september,rainy,aedes,aegypti,300,,senegal,louga,,,15.62124,-16.235435,
539,563,,,2018,july_to_september,rainy,aedes,aegypti,300,,senegal,barkedji,,,15.277046,-15.862997,
539,564,,,2018,july_to_september,rainy,aedes,aegypti,300,,senegal,mbour,,,14.418782,-16.956427,
539,565,,,2018,july_to_september,rainy,aedes,aegypti,300,,senegal,dakar,,,14.672906,-17.443576,
614,566,,,,,,ornithodoros,sonrai,7,,senegal,dielmon,,,13.716675,-16.399997,
614,567,,,,,,ornithodoros,sonrai,3,,senegal,thianene,,,15.066664,-15.999986,
614,568,,,,,,ornithodoros,sonrai,1,,senegal,nema_nding,,,13.699992,-16.416681,
614,569,,,,,,ornithodoros,sonrai,1,,senegal,keur_aliou_gueye,,,13.783325,-16.399997,
614,570,,,,,,ornithodoros,sonrai,1,,senegal,kanene_khar,,,15.500013,-16.016664,
614,571,,,,,,ornithodoros,sonrai,1,,senegal,kaur_lamine_soce,,,13.733331,-16.416681,
614,572,,,,,,ornithodoros,sonrai,1,,senegal,kenieba,,,14.08332,-12.049992,
614,573,,,,,,ornithodoros,sonrai,1,,senegal,taouey,,,16.449992,-12.050003,
463,574,,,2008_2009,september_to_january,both,culex,neavei,1,,senegal,grand_lampsar,,,16.4525,-16.21722222,
463,575,,,2008_2009,september_to_january,both,culex,tritaeniorhynchus,1,,senegal,grand_lampsar,,,16.4525,-16.21722222,
463,576,,,2008_2009,september_to_january,both,aedes,sudanensis,1,,senegal,grand_lampsar,,,16.4525,-16.21722222,
463,577,,,2008_2009,september_to_january,both,mansonia,uniformis,1,,senegal,grand_lampsar,,,16.4525,-16.21722222,
463,578,,,2008_2009,september_to_january,both,culex,poicilipes,1,,senegal,grand_lampsar,,,16.4525,-16.21722222,
463,579,,,2008_2009,september_to_january,both,culex,perfuscus,1,,senegal,grand_lampsar,,,16.4525,-16.21722222,
463,580,,,2008_2009,september_to_january,both,culex,neavei,1,,senegal,rainabe,,,16.40055556,-16.18583333,
463,581,,,2008_2009,september_to_january,both,culex,tritaeniorhynchus,1,,senegal,rainabe,,,16.40055556,-16.18583333,
463,582,,,2008_2009,september_to_january,both,aedes,sudanensis,1,,senegal,rainabe,,,16.40055556,-16.18583333,
463,583,,,2008_2009,september_to_january,both,mansonia,uniformis,1,,senegal,rainabe,,,16.40055556,-16.18583333,
463,584,,,2008_2009,september_to_january,both,culex,poicilipes,1,,senegal,rainabe,,,16.40055556,-16.18583333,
463,585,,,2008_2009,september_to_january,both,culex,perfuscus,1,,senegal,rainabe,,,16.40055556,-16.18583333,
463,586,,,2008_2009,september_to_january,both,culex,neavei,1,,senegal,ross_bethio,,,16.43555556,-16.2175,
463,587,,,2008_2009,september_to_january,both,culex,tritaeniorhynchus,1,,senegal,ross_bethio,,,16.43555556,-16.2175,
463,588,,,2008_2009,september_to_january,both,aedes,sudanensis,0,,senegal,ross_bethio,,,16.43555556,-16.2175,
463,589,,,2008_2009,september_to_january,both,mansonia,uniformis,1,,senegal,ross_bethio,,,16.43555556,-16.2175,
463,590,,,2008_2009,september_to_january,both,culex,poicilipes,1,,senegal,ross_bethio,,,16.43555556,-16.2175,
463,591,,,2008_2009,september_to_january,both,culex,perfuscus,0,,senegal,ross_bethio,,,16.43555556,-16.2175,
627,592,,,,,,culex,quinquefasciatus,41,,senegal,barkedji,,,,,
567,593,,,2014,,,aedes,aegypti,240,,senegal,dakar,,,,,
567,594,,,2014,,,aedes,aegypti,206,,senegal,saint_louis,,,,,
567,595,,,2014,,,aedes,aegypti,160,,senegal,kedougou,,,,,
567,596,,,2014,,,aedes,furcifer,71,,senegal,kedougou,,,,,
567,597,,,2014,,,aedes,taylori,86,,senegal,kedougou,,,,,
567,598,,,2014,,,aedes,luteocephalus,22,,senegal,kedougou,,,,,
635,599,,,1973_1974,all_months,both,aedes,sp.,281,,gambia,saruja,,,,,
635,600,,,1973_1974,all_months,both,culex,neavei,829,,gambia,saruja,,,,,
635,601,,,1973_1974,all_months,both,culex,antennatus,495,,gambia,saruja,,,,,
635,602,,,1973_1974,all_months,both,culex,poicilipes,6033,,gambia,saruja,,,,,
469,603,,,2008_2009,all_months,both,culex,sp.,1,,gambia,walikunda,,,,,
469,604,,,2008_2009,all_months,both,mansonia,sp.,1,,gambia,walikunda,,,,,
469,605,,,2005,june_to_october,rainy,mansonia,sp.,7273,,gambia,farafenni,,,,,
469,606,,,2005,june_to_october,rainy,aedes,aegypti,808,,gambia,farafenni,,,,,
469,607,,,2005,june_to_october,rainy,aedes,vittatus,1,,gambia,farafenni,,,,,
469,608,,,2005,june_to_october,rainy,aedes,fowleri,1,,gambia,farafenni,,,,,
469,609,,,2005,june_to_october,rainy,culex,quinquefasciatus,58,,gambia,farafenni,,,,,
491,610,,,2008,september,rainy,ornithodoros,sonrai,8,,senegal,tisse,,,,,
491,611,,,2008,september,rainy,ornithodoros,sonrai,24,,senegal,maka_gouye,,,,,
491,612,,,2008,september,rainy,ornithodoros,sonrai,112,,senegal,dide,,,,,
491,613,,,2008,september,rainy,ornithodoros,sonrai,84,,senegal,diana,,,,,
491,614,,,2008,september,rainy,ornithodoros,sonrai,29,,senegal,dielmon,,,,,
491,615,,,2008,september,rainy,ornithodoros,sonrai,75,,senegal,dakar,,,,,
626,616,,,2014,,,aedes,vexans,420,,senegal,barkedji,,,,,
626,617,,,2014,,,culex,quinquefasciatus,563,,senegal,barkedji,,,,,
626,618,,,2014,,,culex,poicilipes,380,,senegal,barkedji,,,,,
413,619,,,2012_2013,july_to_december,both,aedes,aegypti,120,,senegal,barkedji,,,,,
413,620,,,2012_2013,july_to_december,both,aedes,dalzieli,1391,,senegal,barkedji,,,,,
413,621,,,2012_2013,july_to_december,both,aedes,fowleri,193,,senegal,barkedji,,,,,
413,622,,,2012_2013,july_to_december,both,aedes,furcifer,206,,senegal,barkedji,,,,,
413,623,,,2012_2013,july_to_december,both,aedes,luteocephalus,25,,senegal,barkedji,,,,,
413,624,,,2012_2013,july_to_december,both,aedes,metallicus,37,,senegal,barkedji,,,,,
413,625,,,2012_2013,july_to_december,both,aedes,ochraceus,2004,,senegal,barkedji,,,,,
413,626,,,2012_2013,july_to_december,both,aedes,sudanensis,774,,senegal,barkedji,,,,,
413,627,,,2012_2013,july_to_december,both,aedes,unilineatus,21,,senegal,barkedji,,,,,
413,628,,,2012_2013,july_to_december,both,aedes,vexans,11297,,senegal,barkedji,,,,,
413,629,,,2012_2013,july_to_december,both,aedes,vittatus,1,,senegal,barkedji,,,,,
413,630,,,2012_2013,july_to_december,both,culex,antennatus,1378,,senegal,barkedji,,,,,
413,631,,,2012_2013,july_to_december,both,culex,neavei,4223,,senegal,barkedji,,,,,
413,632,,,2012_2013,july_to_december,both,culex,perfuscus,547,,senegal,barkedji,,,,,
413,633,,,2012_2013,july_to_december,both,culex,poicilipes,7884,,senegal,barkedji,,,,,
413,634,,,2012_2013,july_to_december,both,culex,quinquefasciatus,84,,senegal,barkedji,,,,,
413,635,,,2012_2013,july_to_december,both,culex,tritaeniorhynchus,1646,,senegal,barkedji,,,,,
413,636,,,2012_2013,july_to_december,both,mansonia,africanus,842,,senegal,barkedji,,,,,
413,637,,,2012_2013,july_to_december,both,mansonia,uniformis,4222,,senegal,barkedji,,,,,
557,638,,,2019,all_months,both,ornithodoros,sonrai,33,,senegal,diane_beredji,,,14.56666667,-16.3,
557,639,,,2019,all_months,both,ornithodoros,sonrai,41,,senegal,ndiambour,,,14.55,-16.33333333,
557,640,,,2019,all_months,both,ornithodoros,sonrai,24,,senegal,dione_thiogome,,,14.58333333,-16.35,
557,641,,,2019,all_months,both,ornithodoros,sonrai,34,,senegal,mbakane_nenem,,,14.55,-16.38333333,
557,642,,,2019,all_months,both,ornithodoros,sonrai,48,,senegal,patar,,,14.55,-16.36666667,
557,643,,,2019,all_months,both,ornithodoros,sonrai,28,,senegal,wakhaldiam,,,14.55,-16.4,
557,644,,,2019,all_months,both,ornithodoros,sonrai,121,,senegal,ngayokheme,,,14.53333333,-16.4,
557,645,,,2019,all_months,both,ornithodoros,sonrai,49,,senegal,ndioulbeth,,,14.51666667,-16.36666667,
557,646,,,2019,all_months,both,ornithodoros,sonrai,38,,senegal,mbadatte,,,14.53333333,-16.35,
557,647,,,2019,all_months,both,ornithodoros,sonrai,11,,senegal,mback,,,14.55,-16.33333333,
557,648,,,2019,all_months,both,ornithodoros,sonrai,22,,senegal,ndoss_diarraff,,,14.45,-16.35,
557,649,,,2019,all_months,both,ornithodoros,sonrai,109,,senegal,ndoss_mbadiokh,,,14.45,-16.35,
557,650,,,2019,all_months,both,ornithodoros,sonrai,90,,senegal,ndoss_ndoffene,,,14.45,-16.35,
557,651,,,2019,all_months,both,ornithodoros,sonrai,25,,senegal,mbafaye,,,14.41666667,-16.4,
557,652,,,2019,all_months,both,ornithodoros,sonrai,47,,senegal,sagne,,,14.4,-16.4,
557,653,,,2019,all_months,both,ornithodoros,sonrai,24,,senegal,godaguene,,,14.4,-16.38333333,
557,654,,,2019,all_months,both,ornithodoros,sonrai,75,,senegal,mbane,,,14.36666667,-16.41666667,
557,655,,,2019,all_months,both,ornithodoros,sonrai,39,,senegal,dielmon,,,13.7,-16.4,
557,656,,,2019,all_months,both,ornithodoros,sonrai,49,,senegal,ndiop,,,13.68333333,-16.38333333,
557,657,,,2019,all_months,both,ornithodoros,sonrai,96,,senegal,passy,,,13.68333333,-16.38333333,
557,658,,,2019,all_months,both,ornithodoros,sonrai,84,,senegal,touba_nding,,,13.7,-16.41666667,
557,659,,,2019,all_months,both,ornithodoros,sonrai,65,,senegal,nema_nding,,,13.7,-16.4,
557,660,,,2019,all_months,both,ornithodoros,sonrai,2,,senegal,sabouya,,,13.71666667,-16.38333333,
557,661,,,2019,all_months,both,ornithodoros,sonrai,106,,senegal,daga_babou,,,13.75,-16.43333333,
557,662,,,2019,all_months,both,ornithodoros,sonrai,1,,senegal,keur_aliou_diop,,,13.7,-16.35,
557,663,,,2019,all_months,both,ornithodoros,sonrai,12,,senegal,kaur_simon_diene,,,13.75,-16.38333333,
557,664,,,2019,all_months,both,ornithodoros,sonrai,2,,senegal,nema_ba,,,13.61666667,-16.28333333,
557,665,,,2019,all_months,both,ornithodoros,sonrai,0,,senegal,medina,,,13.7,-16.4,
557,666,,,2019,all_months,both,ornithodoros,sonrai,0,,senegal,sourou,,,13.76666667,-16.46666667,
557,667,,,2019,all_months,both,ornithodoros,sonrai,0,,senegal,bani,,,13.75,-16.46666667,
557,668,,,2019,all_months,both,ornithodoros,sonrai,0,,senegal,firdawsi,,,13.75,-16.45,
557,669,,,2019,all_months,both,ornithodoros,sonrai,0,,senegal,keur_lahi_soce,,,13.73333333,-16.41666667,
453,670,,,2018,september,rainy,culex,quinquefasciatus,718,,senegal,madina_djikoye,,,13.649875,-16.32681111,
453,671,,,2018,september,rainy,culex,poicilipes,6,,senegal,madina_djikoye,,,13.649875,-16.32681111,
453,672,,,2018,september,rainy,culex,tritaeniorhynchus,0,,senegal,madina_djikoye,,,13.649875,-16.32681111,
453,673,,,2018,september,rainy,mansonia,africanus,6,,senegal,madina_djikoye,,,13.649875,-16.32681111,
453,674,,,2018,september,rainy,mansonia,uniformis,39,,senegal,madina_djikoye,,,13.649875,-16.32681111,
453,675,,,2018,september,rainy,aedes,aegypti,15,,senegal,madina_djikoye,,,13.649875,-16.32681111,
453,676,,,2018,september,rainy,aedes,ochraceus,0,,senegal,madina_djikoye,,,13.649875,-16.32681111,
453,677,,,2018,september,rainy,aedes,vexans,0,,senegal,madina_djikoye,,,13.649875,-16.32681111,
453,678,,,2018,october,rainy,culex,quinquefasciatus,570,,senegal,madina_djikoye,,,13.649875,-16.32681111,
453,679,,,2018,october,rainy,culex,poicilipes,10,,senegal,madina_djikoye,,,13.649875,-16.32681111,
453,680,,,2018,october,rainy,culex,tritaeniorhynchus,2,,senegal,madina_djikoye,,,13.649875,-16.32681111,
453,681,,,2018,october,rainy,mansonia,africanus,0,,senegal,madina_djikoye,,,13.649875,-16.32681111,
453,682,,,2018,october,rainy,mansonia,uniformis,35,,senegal,madina_djikoye,,,13.649875,-16.32681111,
453,683,,,2018,october,rainy,aedes,aegypti,5,,senegal,madina_djikoye,,,13.649875,-16.32681111,
453,684,,,2018,october,rainy,aedes,ochraceus,1,,senegal,madina_djikoye,,,13.649875,-16.32681111,
453,685,,,2018,october,rainy,aedes,vexans,121,,senegal,madina_djikoye,,,13.649875,-16.32681111,
453,686,,,2018,november,dry,culex,quinquefasciatus,545,,senegal,madina_djikoye,,,13.649875,-16.32681111,
453,687,,,2018,november,dry,culex,poicilipes,18,,senegal,madina_djikoye,,,13.649875,-16.32681111,
453,688,,,2018,november,dry,culex,tritaeniorhynchus,0,,senegal,madina_djikoye,,,13.649875,-16.32681111,
453,689,,,2018,november,dry,mansonia,africanus,4,,senegal,madina_djikoye,,,13.649875,-16.32681111,
453,690,,,2018,november,dry,mansonia,uniformis,17,,senegal,madina_djikoye,,,13.649875,-16.32681111,
453,691,,,2018,november,dry,aedes,aegypti,2,,senegal,madina_djikoye,,,13.649875,-16.32681111,
453,692,,,2018,november,dry,aedes,ochraceus,5,,senegal,madina_djikoye,,,13.649875,-16.32681111,
453,693,,,2018,november,dry,aedes,vexans,0,,senegal,madina_djikoye,,,13.649875,-16.32681111,
453,694,,,2018,september,rainy,culex,quinquefasciatus,139,,senegal,djinkore_mafing,,,13.70648611,-13.65413889,
453,695,,,2018,september,rainy,culex,poicilipes,0,,senegal,djinkore_mafing,,,13.70648611,-13.65413889,
453,696,,,2018,september,rainy,culex,tritaeniorhynchus,0,,senegal,djinkore_mafing,,,13.70648611,-13.65413889,
453,697,,,2018,september,rainy,mansonia,africanus,0,,senegal,djinkore_mafing,,,13.70648611,-13.65413889,
453,698,,,2018,september,rainy,mansonia,uniformis,0,,senegal,djinkore_mafing,,,13.70648611,-13.65413889,
453,699,,,2018,september,rainy,aedes,aegypti,18,,senegal,djinkore_mafing,,,13.70648611,-13.65413889,
453,700,,,2018,september,rainy,aedes,ochraceus,12,,senegal,djinkore_mafing,,,13.70648611,-13.65413889,
453,701,,,2018,september,rainy,aedes,vexans,104,,senegal,djinkore_mafing,,,13.70648611,-13.65413889,
453,702,,,2018,november,rainy,culex,quinquefasciatus,1270,,senegal,djinkore_mafing,,,13.70648611,-13.65413889,
453,703,,,2018,november,rainy,culex,poicilipes,7,,senegal,djinkore_mafing,,,13.70648611,-13.65413889,
453,704,,,2018,november,rainy,culex,tritaeniorhynchus,16,,senegal,djinkore_mafing,,,13.70648611,-13.65413889,
453,705,,,2018,november,rainy,mansonia,africanus,0,,senegal,djinkore_mafing,,,13.70648611,-13.65413889,
453,706,,,2018,november,rainy,mansonia,uniformis,0,,senegal,djinkore_mafing,,,13.70648611,-13.65413889,
453,707,,,2018,november,rainy,aedes,aegypti,6,,senegal,djinkore_mafing,,,13.70648611,-13.65413889,
453,708,,,2018,november,rainy,aedes,ochraceus,1,,senegal,djinkore_mafing,,,13.70648611,-13.65413889,
453,709,,,2018,november,rainy,aedes,vexans,0,,senegal,djinkore_mafing,,,13.70648611,-13.65413889,
558,710,,,2018_2021,all_months,both,ornithodoros,sonrai,253,,senegal,dodel,,,16.48797222,-14.42194444,
501,711,,,2017_2019,all_months,both,aedes,aegypti,1361,,senegal,dakar,,,14.67291667,-17.44361111,
501,712,,,2017_2020,all_months,both,aedes,aegypti,1271,,senegal,touba,,,14.85,-15.88333333,
501,713,,,2017_2021,all_months,both,aedes,aegypti,1214,,senegal,mbour,,,14.41877778,-16.95641667,
501,714,,,2017_2022,all_months,both,aedes,aegypti,1385,,senegal,louga,,,15.62125,-16.23544444,
501,715,,,2017_2023,all_months,both,aedes,aegypti,1313,,senegal,barkedji,,,15.27705556,-15.86272222,
501,716,,,2017_2024,all_months,both,aedes,aegypti,1305,,senegal,fatick,,,14.61861111,-16.22583333,
501,717,,,2017_2025,all_months,both,aedes,aegypti,1352,,senegal,matam,,,15.66316667,-13.25519444,
501,718,,,2017_2026,all_months,both,aedes,aegypti,1331,,senegal,ziguinchor,,,12.56316667,-16.29294444,
501,719,,,2017_2027,all_months,both,aedes,aegypti,1338,,senegal,kedougou,,,12.56258333,-12.17552778,
547,720,,,1991,all_months,both,aedes,vexans,6688,,senegal,barkedji,,,,,
547,721,,,1992,all_months,both,aedes,vexans,2654,,senegal,barkedji,,,,,
547,722,,,1993,all_months,both,aedes,vexans,1574,,senegal,barkedji,,,,,
547,723,,,1994,all_months,both,aedes,vexans,4756,,senegal,barkedji,,,,,
547,724,,,1995,all_months,both,aedes,vexans,12545,,senegal,barkedji,,,,,
547,725,,,1996,all_months,both,aedes,vexans,8114,,senegal,barkedji,,,,,
547,726,,,1991,all_months,both,culex,poicilipes,2780,,senegal,barkedji,,,,,
547,727,,,1992,all_months,both,culex,poicilipes,1026,,senegal,barkedji,,,,,
547,728,,,1993,all_months,both,culex,poicilipes,21213,,senegal,barkedji,,,,,
547,729,,,1994,all_months,both,culex,poicilipes,4001,,senegal,barkedji,,,,,
547,730,,,1995,all_months,both,culex,poicilipes,4964,,senegal,barkedji,,,,,
547,731,,,1996,all_months,both,culex,poicilipes,2926,,senegal,barkedji,,,,,
547,732,,,2002,all_months,both,aedes,vexans,799,,senegal,barkedji,,,,,
547,733,,,2003,all_months,both,aedes,vexans,1106,,senegal,barkedji,,,,,
547,734,,,2002,all_months,both,culex,poicilipes,56,,senegal,barkedji,,,,,
547,735,,,2003,all_months,both,culex,poicilipes,468,,senegal,barkedji,,,,,
473,736,,,2007,july,rainy,aedes,aegypti,26,,senegal,saint_louis,,,16.02564722,-16.50498333,
473,737,,,2007,july,rainy,aedes,aegypti,58,,senegal,digale,,,16.18333333,-15.75,
473,738,,,2007,july,rainy,aedes,aegypti,58,,senegal,louga,,,15.61528611,-16.22154444,
473,739,,,2005,january,dry,aedes,aegypti,61,,senegal,dakar,,,14.74999167,-17.46642222,
473,740,,,2007,june,rainy,aedes,aegypti,59,,senegal,ngoye,,,14.61423611,-16.41188611,
473,741,,,2007,april,dry,aedes,aegypti,73,,senegal,touba,,,14.85935278,-15.87883333,
473,742,,,2006,july,rainy,aedes,aegypti,36,,senegal,mindin,,,14.06626389,-15.29965556,
473,743,,,2006,july,rainy,aedes,aegypti,43,,senegal,kaffrine,,,14.10661944,-15.55201389,
473,744,,,2006,july,rainy,aedes,aegypti,52,,senegal,koungheul,,,13.97596944,-14.80419722,
473,745,,,2006,july,rainy,aedes,aegypti,105,,senegal,tambacounda,,,13.77309167,-13.67731944,
473,746,,,2006,july,rainy,aedes,aegypti,25,,senegal,saraya,,,12.83333333,-11.75,
473,747,,,2006,july,rainy,aedes,aegypti,26,,senegal,dienoudialla,,,13.21445833,-13.11198611,
473,748,,,2007,july,rainy,aedes,aegypti,58,,senegal,goudiri,,,14.18695,-12.71219722,
473,749,,,2006,july,rainy,aedes,aegypti,69,,senegal,niemenike,,,13.00708889,-12.54670556,
473,750,,,2006,november,dry,aedes,aegypti,57,,senegal,ngari,,,12.63349167,-12.24993611,
473,751,,,2006,november,dry,aedes,aegypti,40,,senegal,pk10,,,12.600025,-12.23340278,
473,752,,,2006,november,dry,aedes,aegypti,83,,senegal,deux_riviers,,,12.63338889,-12.233375,
473,753,,,2007,july,rainy,aedes,aegypti,58,,senegal,simenti,,,13.03325556,-13.29965833,
473,754,,,2006,july,rainy,aedes,aegypti,53,,senegal,fongolimbi,,,12.41246667,-12.0116,
486,755,,,2010,february,dry,aedes,aegypti,173,,senegal,pk10,,,,,
486,756,,,2011,september,rainy,aedes,aegypti,80,,senegal,pk10,,,,,
291,757,,,1988,all_months,both,tick,sp.,176,,gambia,keneba,,,,,
291,758,,,1988,all_months,both,tick,sp.,103,,gambia,fugga,,,,,
291,759,,,1988,all_months,both,tick,sp.,9,,gambia,sambel_kunda,,,,,
352,760,,,2014,june,rainy,rhipicephalus,evertesi_evertesi,172,,senegal,keur_momar_sarr,,,15.916667,-15.966667,
352,761,,,2014,june,rainy,hyalomma,impeltatum,10,,senegal,keur_momar_sarr,,,15.916667,-15.966667,
352,762,,,2014,june,rainy,hyalomma,rufipes,17,,senegal,keur_momar_sarr,,,15.916667,-15.966667,
352,763,,,2014,june,rainy,rhipicephalus,bursa,3,,senegal,keur_momar_sarr,,,15.916667,-15.966667,
352,764,,,2014,june,rainy,rhipicephalus,muhsamae,2,,senegal,keur_momar_sarr,,,15.916667,-15.966667,
409,765,,,1999,june,rainy,aedes,furcifer,1134,,senegal,kedougou,,,,,
409,766,,,1999,october,rainy,aedes,furcifer,1998,,senegal,kedougou,,,,,
409,767,,,1999,november,dry,aedes,furcifer,1425,,senegal,kedougou,,,,,
409,768,,,1999,june,rainy,aedes,taylori,379,,senegal,kedougou,,,,,
409,769,,,1999,october,rainy,aedes,taylori,124,,senegal,kedougou,,,,,
409,770,,,1999,november,dry,aedes,taylori,575,,senegal,kedougou,,,,,
409,771,,,1999,june,rainy,aedes,luteocephalus,1064,,senegal,kedougou,,,,,
409,772,,,1999,october,rainy,aedes,luteocephalus,682,,senegal,kedougou,,,,,
409,773,,,1999,november,dry,aedes,luteocephalus,392,,senegal,kedougou,,,,,
409,774,,,1999,june,rainy,aedes,aegypti,54,,senegal,kedougou,,,,,
409,775,,,1999,october,rainy,aedes,aegypti,3366,,senegal,kedougou,,,,,
409,776,,,1999,november,dry,aedes,aegypti,7984,,senegal,kedougou,,,,,
412,777,,,1990,october_to_november,both,aedes,dalzieli,0,,senegal,barkedji,,,,,
412,778,,,1990,october_to_november,both,aedes,fowleri,0,,senegal,barkedji,,,,,
412,779,,,1990,october_to_november,both,aedes,ochraceus,3,,senegal,barkedji,,,,,
412,780,,,1990,october_to_november,both,aedes,vexans,245,,senegal,barkedji,,,,,
412,781,,,1990,october_to_november,both,aedes,vittatus,0,,senegal,barkedji,,,,,
412,782,,,1990,october_to_november,both,aedes,furcifer,0,,senegal,barkedji,,,,,
412,783,,,1990,october_to_november,both,aedes,sudanensis,5,,senegal,barkedji,,,,,
412,784,,,1990,october_to_november,both,aedes,aegypti,0,,senegal,barkedji,,,,,
412,785,,,1990,october_to_november,both,aedes,luteocephalus,0,,senegal,barkedji,,,,,
412,786,,,1990,october_to_november,both,aedes,metallicus,0,,senegal,barkedji,,,,,
412,787,,,1990,october_to_november,both,aedes,unilineatus,0,,senegal,barkedji,,,,,
412,788,,,1990,october_to_november,both,aedes,antennatus,24,,senegal,barkedji,,,,,
412,789,,,1990,october_to_november,both,culex,neavei,199,,senegal,barkedji,,,,,
412,790,,,1990,october_to_november,both,culex,perfuscus,2,,senegal,barkedji,,,,,
412,791,,,1990,october_to_november,both,culex,poicilipes,21668,,senegal,barkedji,,,,,
412,792,,,1990,october_to_november,both,culex,quinquefasciatus,0,,senegal,barkedji,,,,,
412,793,,,1990,october_to_november,both,culex,tritaeniorhynchus,98,,senegal,barkedji,,,,,
412,794,,,1990,october_to_november,both,mansonia,africanus,225,,senegal,barkedji,,,,,
412,795,,,1990,october_to_november,both,mansonia,uniformis,192,,senegal,barkedji,,,,,
412,796,,,1991,all_months,both,aedes,dalzieli,0,,senegal,barkedji,,,,,
412,797,,,1991,all_months,both,aedes,fowleri,0,,senegal,barkedji,,,,,
412,798,,,1991,all_months,both,aedes,ochraceus,282,,senegal,barkedji,,,,,
412,799,,,1991,all_months,both,aedes,vexans,10247,,senegal,barkedji,,,,,
412,800,,,1991,all_months,both,aedes,vittatus,0,,senegal,barkedji,,,,,
412,801,,,1991,all_months,both,aedes,furcifer,0,,senegal,barkedji,,,,,
412,802,,,1991,all_months,both,aedes,sudanensis,344,,senegal,barkedji,,,,,
412,803,,,1991,all_months,both,aedes,aegypti,0,,senegal,barkedji,,,,,
412,804,,,1991,all_months,both,aedes,luteocephalus,0,,senegal,barkedji,,,,,
412,805,,,1991,all_months,both,aedes,metallicus,17,,senegal,barkedji,,,,,
412,806,,,1991,all_months,both,aedes,unilineatus,36,,senegal,barkedji,,,,,
412,807,,,1991,all_months,both,aedes,antennatus,1177,,senegal,barkedji,,,,,
412,808,,,1991,all_months,both,culex,neavei,756,,senegal,barkedji,,,,,
412,809,,,1991,all_months,both,culex,perfuscus,134,,senegal,barkedji,,,,,
412,810,,,1991,all_months,both,culex,poicilipes,7363,,senegal,barkedji,,,,,
412,811,,,1991,all_months,both,culex,quinquefasciatus,339,,senegal,barkedji,,,,,
412,812,,,1991,all_months,both,culex,tritaeniorhynchus,137,,senegal,barkedji,,,,,
412,813,,,1991,all_months,both,mansonia,africanus,1559,,senegal,barkedji,,,,,
412,814,,,1991,all_months,both,mansonia,uniformis,156,,senegal,barkedji,,,,,
412,815,,,1992,all_months,both,aedes,dalzieli,0,,senegal,barkedji,,,,,
412,816,,,1992,all_months,both,aedes,fowleri,2,,senegal,barkedji,,,,,
412,817,,,1992,all_months,both,aedes,ochraceus,634,,senegal,barkedji,,,,,
412,818,,,1992,all_months,both,aedes,vexans,4204,,senegal,barkedji,,,,,
412,819,,,1992,all_months,both,aedes,vittatus,1,,senegal,barkedji,,,,,
412,820,,,1992,all_months,both,aedes,furcifer,125,,senegal,barkedji,,,,,
412,821,,,1992,all_months,both,aedes,sudanensis,252,,senegal,barkedji,,,,,
412,822,,,1992,all_months,both,aedes,aegypti,10,,senegal,barkedji,,,,,
412,823,,,1992,all_months,both,aedes,luteocephalus,0,,senegal,barkedji,,,,,
412,824,,,1992,all_months,both,aedes,metallicus,101,,senegal,barkedji,,,,,
412,825,,,1992,all_months,both,aedes,unilineatus,134,,senegal,barkedji,,,,,
412,826,,,1992,all_months,both,aedes,antennatus,478,,senegal,barkedji,,,,,
412,827,,,1992,all_months,both,culex,neavei,1946,,senegal,barkedji,,,,,
412,828,,,1992,all_months,both,culex,perfuscus,239,,senegal,barkedji,,,,,
412,829,,,1992,all_months,both,culex,poicilipes,11151,,senegal,barkedji,,,,,
412,830,,,1992,all_months,both,culex,quinquefasciatus,0,,senegal,barkedji,,,,,
412,831,,,1992,all_months,both,culex,tritaeniorhynchus,1242,,senegal,barkedji,,,,,
412,832,,,1992,all_months,both,mansonia,africanus,4524,,senegal,barkedji,,,,,
412,833,,,1992,all_months,both,mansonia,uniformis,703,,senegal,barkedji,,,,,
412,834,,,1993,all_months,both,aedes,dalzieli,10,,senegal,barkedji,,,,,
412,835,,,1993,all_months,both,aedes,fowleri,19,,senegal,barkedji,,,,,
412,836,,,1993,all_months,both,aedes,ochraceus,1169,,senegal,barkedji,,,,,
412,837,,,1993,all_months,both,aedes,vexans,4174,,senegal,barkedji,,,,,
412,838,,,1993,all_months,both,aedes,vittatus,0,,senegal,barkedji,,,,,
412,839,,,1993,all_months,both,aedes,furcifer,139,,senegal,barkedji,,,,,
412,840,,,1993,all_months,both,aedes,sudanensis,184,,senegal,barkedji,,,,,
412,841,,,1993,all_months,both,aedes,aegypti,9,,senegal,barkedji,,,,,
412,842,,,1993,all_months,both,aedes,luteocephalus,1,,senegal,barkedji,,,,,
412,843,,,1993,all_months,both,aedes,metallicus,59,,senegal,barkedji,,,,,
412,844,,,1993,all_months,both,aedes,unilineatus,64,,senegal,barkedji,,,,,
412,845,,,1993,all_months,both,aedes,antennatus,482,,senegal,barkedji,,,,,
412,846,,,1993,all_months,both,culex,neavei,3602,,senegal,barkedji,,,,,
412,847,,,1993,all_months,both,culex,perfuscus,330,,senegal,barkedji,,,,,
412,848,,,1993,all_months,both,culex,poicilipes,28630,,senegal,barkedji,,,,,
412,849,,,1993,all_months,both,culex,quinquefasciatus,291,,senegal,barkedji,,,,,
412,850,,,1993,all_months,both,culex,tritaeniorhynchus,182,,senegal,barkedji,,,,,
412,851,,,1993,all_months,both,mansonia,africanus,4636,,senegal,barkedji,,,,,
412,852,,,1993,all_months,both,mansonia,uniformis,925,,senegal,barkedji,,,,,
412,853,,,1994,all_months,both,aedes,dalzieli,24,,senegal,barkedji,,,,,
412,854,,,1994,all_months,both,aedes,fowleri,9,,senegal,barkedji,,,,,
412,855,,,1994,all_months,both,aedes,ochraceus,1069,,senegal,barkedji,,,,,
412,856,,,1994,all_months,both,aedes,vexans,6971,,senegal,barkedji,,,,,
412,857,,,1994,all_months,both,aedes,vittatus,0,,senegal,barkedji,,,,,
412,858,,,1994,all_months,both,aedes,furcifer,129,,senegal,barkedji,,,,,
412,859,,,1994,all_months,both,aedes,sudanensis,66,,senegal,barkedji,,,,,
412,860,,,1994,all_months,both,aedes,aegypti,1,,senegal,barkedji,,,,,
412,861,,,1994,all_months,both,aedes,luteocephalus,10,,senegal,barkedji,,,,,
412,862,,,1994,all_months,both,aedes,metallicus,93,,senegal,barkedji,,,,,
412,863,,,1994,all_months,both,aedes,unilineatus,43,,senegal,barkedji,,,,,
412,864,,,1994,all_months,both,aedes,antennatus,298,,senegal,barkedji,,,,,
412,865,,,1994,all_months,both,culex,neavei,950,,senegal,barkedji,,,,,
412,866,,,1994,all_months,both,culex,perfuscus,59,,senegal,barkedji,,,,,
412,867,,,1994,all_months,both,culex,poicilipes,7014,,senegal,barkedji,,,,,
412,868,,,1994,all_months,both,culex,quinquefasciatus,0,,senegal,barkedji,,,,,
412,869,,,1994,all_months,both,culex,tritaeniorhynchus,360,,senegal,barkedji,,,,,
412,870,,,1994,all_months,both,mansonia,africanus,5650,,senegal,barkedji,,,,,
412,871,,,1994,all_months,both,mansonia,uniformis,140,,senegal,barkedji,,,,,
412,872,,,1995,all_months,both,aedes,dalzieli,29,,senegal,barkedji,,,,,
412,873,,,1995,all_months,both,aedes,fowleri,10,,senegal,barkedji,,,,,
412,874,,,1995,all_months,both,aedes,ochraceus,302,,senegal,barkedji,,,,,
412,875,,,1995,all_months,both,aedes,vexans,14953,,senegal,barkedji,,,,,
412,876,,,1995,all_months,both,aedes,vittatus,0,,senegal,barkedji,,,,,
412,877,,,1995,all_months,both,aedes,furcifer,82,,senegal,barkedji,,,,,
412,878,,,1995,all_months,both,aedes,sudanensis,307,,senegal,barkedji,,,,,
412,879,,,1995,all_months,both,aedes,aegypti,3,,senegal,barkedji,,,,,
412,880,,,1995,all_months,both,aedes,luteocephalus,6,,senegal,barkedji,,,,,
412,881,,,1995,all_months,both,aedes,metallicus,22,,senegal,barkedji,,,,,
412,882,,,1995,all_months,both,aedes,unilineatus,16,,senegal,barkedji,,,,,
412,883,,,1995,all_months,both,aedes,antennatus,1085,,senegal,barkedji,,,,,
412,884,,,1995,all_months,both,culex,neavei,1409,,senegal,barkedji,,,,,
412,885,,,1995,all_months,both,culex,perfuscus,140,,senegal,barkedji,,,,,
412,886,,,1995,all_months,both,culex,poicilipes,6737,,senegal,barkedji,,,,,
412,887,,,1995,all_months,both,culex,quinquefasciatus,0,,senegal,barkedji,,,,,
412,888,,,1995,all_months,both,culex,tritaeniorhynchus,1572,,senegal,barkedji,,,,,
412,889,,,1995,all_months,both,mansonia,africanus,474,,senegal,barkedji,,,,,
412,890,,,1995,all_months,both,mansonia,uniformis,3026,,senegal,barkedji,,,,,
414,891,,,2002,august,rainy,aedes,vexans,13424,,senegal,niakhar,,,,,
414,892,,,2002,september,rainy,aedes,vexans,8723,,senegal,niakhar,,,,,
414,893,,,2002,october,rainy,aedes,vexans,29347,,senegal,niakhar,,,,,
414,894,,,2003,july,rainy,aedes,vexans,781,,senegal,niakhar,,,,,
414,895,,,2002,november,dry,culex,poicilipes,16934,,senegal,niakhar,,,,,
415,896,,,1987,may,dry,hyalomma,truncatum,1,,senegal,bandia,,,,,
415,897,,,1987,may,dry,rhipicephalus,guilhoni,0,,senegal,bandia,,,,,
415,898,,,1987,june,rainy,hyalomma,truncatum,4,,senegal,bandia,,,,,
415,899,,,1987,june,rainy,rhipicephalus,guilhoni,1,,senegal,bandia,,,,,
415,900,,,1987,july,rainy,rhipicephalus,sulcatus,1,,senegal,bandia,,,,,
415,901,,,1987,july,rainy,hyalomma,truncatum,0,,senegal,bandia,,,,,
415,902,,,1987,august,rainy,hyalomma,truncatum,0,,senegal,bandia,,,,,
415,903,,,1987,august,rainy,rhipicephalus,guilhoni,0,,senegal,bandia,,,,,
415,904,,,1987,september,rainy,hyalomma,truncatum,0,,senegal,bandia,,,,,
415,905,,,1987,september,rainy,rhipicephalus,guilhoni,0,,senegal,bandia,,,,,
415,906,,,1987,october,rainy,hyalomma,truncatum,1,,senegal,bandia,,,,,
415,907,,,1987,october,rainy,rhipicephalus,guilhoni,2,,senegal,bandia,,,,,
415,908,,,1988,february,dry,hyalomma,truncatum,0,,senegal,bandia,,,,,
415,909,,,1988,february,dry,rhipicephalus,guilhoni,1,,senegal,bandia,,,,,
415,910,,,1988,march,dry,hyalomma,truncatum,0,,senegal,bandia,,,,,
415,911,,,1988,march,dry,rhipicephalus,guilhoni,0,,senegal,bandia,,,,,
415,912,,,1988,april,dry,hyalomma,truncatum,0,,senegal,bandia,,,,,
415,913,,,1988,april,dry,rhipicephalus,guilhoni,0,,senegal,bandia,,,,,
415,914,,,1988,may,dry,hyalomma,truncatum,0,,senegal,bandia,,,,,
415,915,,,1988,may,dry,rhipicephalus,guilhoni,0,,senegal,bandia,,,,,
415,916,,,1988,june,rainy,hyalomma,truncatum,0,,senegal,bandia,,,,,
415,917,,,1988,june,rainy,rhipicephalus,guilhoni,0,,senegal,bandia,,,,,
415,918,,,1988,july,rainy,hyalomma,truncatum,0,,senegal,bandia,,,,,
415,919,,,1988,july,rainy,rhipicephalus,guilhoni,0,,senegal,bandia,,,,,
415,920,,,1988,august,rainy,hyalomma,truncatum,0,,senegal,bandia,,,,,
415,921,,,1988,august,rainy,rhipicephalus,guilhoni,0,,senegal,bandia,,,,,
415,922,,,1987,may,dry,hyalomma,truncatum,0,,senegal,yonofere,,,,,
415,923,,,1987,may,dry,rhipicephalus,guilhoni,0,,senegal,yonofere,,,,,
415,924,,,1987,june,rainy,hyalomma,truncatum,0,,senegal,yonofere,,,,,
415,925,,,1987,june,rainy,rhipicephalus,guilhoni,0,,senegal,yonofere,,,,,
415,926,,,1987,july,rainy,hyalomma,truncatum,2,,senegal,yonofere,,,,,
415,927,,,1987,july,rainy,rhipicephalus,sulcatus,0,,senegal,yonofere,,,,,
415,928,,,1987,august,rainy,hyalomma,truncatum,0,,senegal,yonofere,,,,,
415,929,,,1987,august,rainy,rhipicephalus,guilhoni,0,,senegal,yonofere,,,,,
415,930,,,1987,september,rainy,hyalomma,truncatum,0,,senegal,yonofere,,,,,
415,931,,,1987,september,rainy,rhipicephalus,guilhoni,0,,senegal,yonofere,,,,,
415,932,,,1987,october,rainy,hyalomma,truncatum,0,,senegal,yonofere,,,,,
415,933,,,1987,october,rainy,rhipicephalus,guilhoni,0,,senegal,yonofere,,,,,
415,934,,,1987,november,rainy,hyalomma,truncatum,0,,senegal,yonofere,,,,,
415,935,,,1987,november,rainy,rhipicephalus,guilhoni,0,,senegal,yonofere,,,,,
415,936,,,1987,december,rainy,hyalomma,truncatum,0,,senegal,yonofere,,,,,
415,937,,,1987,december,rainy,rhipicephalus,guilhoni,0,,senegal,yonofere,,,,,
415,938,,,1988,january,dry,hyalomma,truncatum,0,,senegal,yonofere,,,,,
415,939,,,1988,january,dry,rhipicephalus,guilhoni,0,,senegal,yonofere,,,,,
415,940,,,1988,february,dry,hyalomma,truncatum,0,,senegal,yonofere,,,,,
415,941,,,1988,february,dry,rhipicephalus,guilhoni,0,,senegal,yonofere,,,,,
415,942,,,1988,march,dry,hyalomma,truncatum,0,,senegal,yonofere,,,,,
415,943,,,1988,march,dry,rhipicephalus,guilhoni,0,,senegal,yonofere,,,,,
416,944,,,,august_to_october,rainy,culex,sp.,22623,,gambia,walikunda,,,,,
416,945,,,,august_to_october,rainy,mansonia,sp.,138910,,gambia,walikunda,,,,,
441,946,,,1989,april,dry,hyalomma,truncatum,19,,senegal,bandia,,,,,
441,947,,,1991,july,rainy,ambylomma,variegatum,3,,senegal,nguekhokhe,,,,,
441,948,,,1991,july,rainy,hyalomma,rufipes,20,,senegal,bandia,,,,,
441,949,,,1991,november,dry,hyalomma,rufipes,3,,senegal,nguekhokhe,,,,,
441,950,,,1991,november,dry,ambylomma,variegatum,102,,senegal,bandia,,,,,
441,951,,,1991,november,dry,rhipicephalus,guilhoni,12,,senegal,bandia,,,,,
441,952,,,1991,december,dry,rhipicephalus,evertesi_evertesi,40,,senegal,bandia,,,,,
441,953,,,1992,january,dry,hyalomma,rufipes,19,,senegal,bandia,,,,,
441,954,,,1992,february,dry,hyalomma,rufipes,3,,senegal,nguekhokhe,,,,,
441,955,,,1992,march,dry,hyalomma,rufipes,2,,senegal,bandia,,,,,
441,956,,,1992,june,rainy,hyalomma,rufipes,18,,senegal,bandia,,,,,
441,957,,,1992,july,rainy,hyalomma,rufipes,43,,senegal,bandia,,,,,
484,958,,,2002,november,dry,aedes,aegypti,2,,senegal,barkedji,,,,,
484,959,,,2002,november,dry,aedes,aegypti,1,,senegal,gasse,,,,,
484,960,,,2002,november,dry,aedes,aegypti,2,,senegal,diagali,,,,,
484,961,,,2003,january,dry,aedes,aegypti,2,,senegal,gallo,,,,,
484,962,,,2003,january,dry,aedes,aegypti,2,,senegal,ndione,,,,,
484,963,,,2003,january,dry,aedes,aegypti,1,,senegal,kholdabetch,,,,,
484,964,,,2003,january,dry,aedes,aegypti,1,,senegal,thialy,,,,,
484,965,,,2003,january,dry,aedes,aegypti,1,,senegal,ndougoubene,,,,,
484,966,,,2003,january,dry,aedes,aegypti,1,,senegal,tun_cope,,,,,
484,967,,,2003,january,dry,aedes,aegypti,2,,senegal,darou_koung_koung,,,,,
484,968,,,2003,january,dry,aedes,aegypti,2,,senegal,thiakhathie,,,,,
484,969,,,2003,january,dry,aedes,aegypti,2,,senegal,ribo_kodiole,,,,,
484,970,,,2002,november,dry,aedes,aegypti,1,,senegal,darou_wolof,,,,,
484,971,,,2002,november,dry,aedes,aegypti,2,,senegal,fadiga,,,,,
484,972,,,2002,november,dry,aedes,aegypti,3,,senegal,pk10,,,,,
489,973,,,2019,all_months,both,ornithodoros,sonrai,819,,senegal,niakhar,,,,,
489,974,,,2019,all_months,both,ornithodoros,sonrai,456,,senegal,sine_saloum,,,,,
493,975,,,2011,july,rainy,ambylomma,variegatum,3,,senegal,keur_momar_sarr,,,,,
493,976,,,2011,july,rainy,hyalomma,impeltatum,557,,senegal,keur_momar_sarr,,,,,
493,977,,,2011,july,rainy,hyalomma,marginatum_rufipes,131,,senegal,keur_momar_sarr,,,,,
493,978,,,2011,july,rainy,rhipicephalus,evertesi_evertesi,477,,senegal,keur_momar_sarr,,,,,
493,979,,,2011,july,rainy,rhipicephalus,guilhoni,1,,senegal,keur_momar_sarr,,,,,
499,980,,,2019,february_to_september,both,aedes,aegypti,18895,,senegal,dakar,,,14.722969,-17.434227,
499,981,,,2019,february_to_september,both,culex,quinquefasciatus,16175,,senegal,dakar,,,14.722969,-17.434227,
499,982,,,2019,february_to_september,both,culex,tritaeniorhynchus,1,,senegal,dakar,,,14.722969,-17.434227,
502,983,,,2009,november,dry,aedes,aegypti,1006,,senegal,dakar,,,,,
509,984,,,1990,october_to_november,both,aedes,ochraceus,3,,senegal,barkedji,,,,,
509,985,,,1990,october_to_november,both,aedes,vexans,245,,senegal,barkedji,,,,,
509,986,,,1990,october_to_november,both,aedes,sudanensis,5,,senegal,barkedji,,,,,
509,987,,,1990,october_to_november,both,aedes,antennatus,24,,senegal,barkedji,,,,,
509,988,,,1990,october_to_november,both,culex,neavei,199,,senegal,barkedji,,,,,
509,989,,,1990,october_to_november,both,culex,perfuscus,2,,senegal,barkedji,,,,,
509,990,,,1990,october_to_november,both,culex,poicilipes,21668,,senegal,barkedji,,,,,
509,991,,,1990,october_to_november,both,culex,tritaeniorhynchus,98,,senegal,barkedji,,,,,
509,992,,,1990,october_to_november,both,mansonia,africanus,225,,senegal,barkedji,,,,,
509,993,,,1990,october_to_november,both,mansonia,uniformis,192,,senegal,barkedji,,,,,
534,994,,,2005,july_to_august,rainy,ambylomma,variegatum,50,,gambia,giboro_kuta,,,,,
534,995,,,2005,july_to_august,rainy,ambylomma,variegatum,53,,gambia,tumani_tenda,,,,,
534,996,,,2005,july_to_august,rainy,ambylomma,variegatum,50,,gambia,mandinaba,,,,,
534,997,,,2005,july_to_august,rainy,ambylomma,variegatum,65,,gambia,somita,,,,,
534,998,,,2005,july_to_august,rainy,ambylomma,variegatum,50,,gambia,keneba,,,,,
534,999,,,2005,july_to_august,rainy,ambylomma,variegatum,100,,gambia,burong,,,,,
534,1000,,,2005,july_to_august,rainy,ambylomma,variegatum,60,,gambia,kolikunda,,,,,
534,1001,,,2005,july_to_august,rainy,ambylomma,variegatum,53,,gambia,mbappa_ba,,,,,
534,1002,,,2005,july_to_august,rainy,ambylomma,variegatum,50,,gambia,yorro_beri_kunda,,,,,
534,1003,,,2005,july_to_august,rainy,ambylomma,variegatum,55,,gambia,sare_sofi,,,,,
534,1004,,,2005,july_to_august,rainy,ambylomma,variegatum,63,,gambia,mamud_fana,,,,,
534,1005,,,2005,july_to_august,rainy,ambylomma,variegatum,67,,gambia,jimballa_kerr_malick,,,,,
534,1006,,,2005,july_to_august,rainy,ambylomma,variegatum,50,,gambia,kulkulay,,,,,
534,1007,,,2005,july_to_august,rainy,ambylomma,variegatum,50,,gambia,sare_demba_torro,,,,,
535,1008,,,2002_2004,all_months,both,ornithodoros,sonrai,3,,senegal,richard_toll,,,,,
535,1009,,,2002_2004,all_months,both,ornithodoros,sonrai,2,,senegal,gankette,,,,,
535,1010,,,2002_2004,all_months,both,ornithodoros,sonrai,3,,senegal,kanene_khar,,,,,
535,1011,,,2002_2004,all_months,both,ornithodoros,sonrai,2,,senegal,darou_mousti,,,,,
535,1012,,,2002_2004,all_months,both,ornithodoros,sonrai,1,,senegal,colobane,,,,,
535,1013,,,2002_2004,all_months,both,ornithodoros,sonrai,2,,senegal,bandia,,,,,
535,1014,,,2002_2004,all_months,both,ornithodoros,sonrai,3,,senegal,ina,,,,,
535,1015,,,2002_2004,all_months,both,ornithodoros,sonrai,3,,senegal,ngor,,,,,
535,1016,,,2002_2004,all_months,both,ornithodoros,sonrai,2,,senegal,dielmon,,,,,
535,1017,,,2002_2004,all_months,both,ornithodoros,sonrai,2,,senegal,kenieba,,,14.08678238,-12.05699081,
538,1018,,,2005,,dry,aedes,aegypti,397,,senegal,niakhar,,,,,
538,1019,,,2005,,rainy,aedes,aegypti,351,,senegal,niakhar,,,,,
540,1020,,,2003_2004,july_to_october,rainy,aedes,vexans,140,,senegal,ngao,,,15.24083333,-14.85222222,
540,1021,,,2003_2004,july_to_october,rainy,aedes,vexans,101,,senegal,kangaledji,,,15.27138889,-14.84305556,
541,1022,,,1975,february_to_july,both,culex,neavei,1,,gambia,bansang,,,,,
541,1023,,,1975,february_to_july,both,culex,poicilipes,1,,gambia,bansang,,,,,
541,1024,,,1975,february_to_july,both,mansonia,uniformis,1,,gambia,bansang,,,,,
541,1025,,,1975,february_to_july,both,mansonia,africanus,1,,gambia,bansang,,,,,
541,1026,,,1975,february_to_july,both,culex,antennatus,1,,gambia,bansang,,,,,
584,1027,,,1994_1995,all_months,both,boophilus,sp.,10472,,gambia,bansang,,,,,
584,1028,,,1994_1995,all_months,both,hyalomma,sp.,5606,,gambia,bansang,,,,,
584,1029,,,1994_1995,all_months,both,rhipicephalus,senegalensis,3299,,gambia,bansang,,,,,
584,1030,,,1994_1995,all_months,both,ambylomma,variegatum,1697,,gambia,bansang,,,,,
603,1031,,,2005,,rainy,aedes,dalzieli,207,,senegal,barkedji,,,,,
603,1032,,,2005,,rainy,aedes,fowleri,69,,senegal,barkedji,,,,,
603,1033,,,2005,,rainy,aedes,ochraceus,1488,,senegal,barkedji,,,,,
603,1034,,,2005,,rainy,aedes,vexans,1934,,senegal,barkedji,,,,,
603,1035,,,2005,,rainy,aedes,furcifer,4,,senegal,barkedji,,,,,
603,1036,,,2005,,rainy,aedes,sudanensis,518,,senegal,barkedji,,,,,
603,1037,,,2005,,rainy,aedes,aegypti,8,,senegal,barkedji,,,,,
603,1038,,,2005,,rainy,aedes,luteocephalus,3,,senegal,barkedji,,,,,
603,1039,,,2005,,rainy,aedes,metallicus,8,,senegal,barkedji,,,,,
603,1040,,,2005,,rainy,aedes,unilineatus,64,,senegal,barkedji,,,,,
603,1041,,,2005,,rainy,culex,antennatus,585,,senegal,barkedji,,,,,
603,1042,,,2005,,rainy,culex,neavei,1846,,senegal,barkedji,,,,,
603,1043,,,2005,,rainy,culex,perfuscus,385,,senegal,barkedji,,,,,
603,1044,,,2005,,rainy,culex,poicilipes,4648,,senegal,barkedji,,,,,
603,1045,,,2005,,rainy,culex,quinquefasciatus,54,,senegal,barkedji,,,,,
603,1046,,,2005,,rainy,culex,tritaeniorhynchus,200,,senegal,barkedji,,,,,
603,1047,,,2005,,rainy,mansonia,africanus,69,,senegal,barkedji,,,,,
603,1048,,,2005,,rainy,mansonia,uniformis,1158,,senegal,barkedji,,,,,
603,1049,,,2006,,rainy,aedes,dalzieli,112,,senegal,barkedji,,,,,
603,1050,,,2006,,rainy,aedes,fowleri,30,,senegal,barkedji,,,,,
603,1051,,,2006,,rainy,aedes,ochraceus,1564,,senegal,barkedji,,,,,
603,1052,,,2006,,rainy,aedes,vexans,4345,,senegal,barkedji,,,,,
603,1053,,,2006,,rainy,aedes,furcifer,2,,senegal,barkedji,,,,,
603,1054,,,2006,,rainy,aedes,sudanensis,386,,senegal,barkedji,,,,,
603,1055,,,2006,,rainy,aedes,aegypti,5,,senegal,barkedji,,,,,
603,1056,,,2006,,rainy,aedes,luteocephalus,0,,senegal,barkedji,,,,,
603,1057,,,2006,,rainy,aedes,metallicus,9,,senegal,barkedji,,,,,
603,1058,,,2006,,rainy,aedes,unilineatus,65,,senegal,barkedji,,,,,
603,1059,,,2006,,rainy,culex,antennatus,231,,senegal,barkedji,,,,,
603,1060,,,2006,,rainy,culex,neavei,1598,,senegal,barkedji,,,,,
603,1061,,,2006,,rainy,culex,perfuscus,79,,senegal,barkedji,,,,,
603,1062,,,2006,,rainy,culex,poicilipes,3660,,senegal,barkedji,,,,,
603,1063,,,2006,,rainy,culex,quinquefasciatus,10,,senegal,barkedji,,,,,
603,1064,,,2006,,rainy,culex,tritaeniorhynchus,418,,senegal,barkedji,,,,,
603,1065,,,2006,,rainy,mansonia,africanus,109,,senegal,barkedji,,,,,
603,1066,,,2006,,rainy,mansonia,uniformis,1017,,senegal,barkedji,,,,,
630,1067,,,2015,,,aedes,vexans,420,,senegal,barkedji,,,,,
630,1068,,,2015,,,culex,quinquefasciatus,563,,senegal,barkedji,,,,,
630,1069,,,2015,,,culex,poicilipes,380,,senegal,barkedji,,,,,
